{
    "eval_type": "synthetic",
    "dataset": "data/buddy/",
    "metrics": {
        "train": {
            "0": {
                "precision": 0.9063710987957831,
                "recall": 0.9474280238686353,
                "f1-score": 0.9264449082158523,
                "support": 22959
            },
            "1": {
                "precision": 0.9263728145776903,
                "recall": 0.8843857257040764,
                "f1-score": 0.9048924808774714,
                "support": 21269
            },
            "2": {
                "precision": 0.9391233766233766,
                "recall": 0.9202014846235419,
                "f1-score": 0.9295661489019817,
                "support": 3772
            },
            "accuracy": 0.9173541666666667,
            "macro avg": {
                "precision": 0.9239557633322834,
                "recall": 0.9173384113987512,
                "f1-score": 0.9203011793317685,
                "support": 48000
            },
            "weighted avg": {
                "precision": 0.9178077255651803,
                "recall": 0.9173541666666667,
                "f1-score": 0.9171402153576869,
                "support": 48000
            },
            "score": 0.9173541666666667
        },
        "val": {
            "0": {
                "precision": 0.8839169909208819,
                "recall": 0.9465277777777777,
                "f1-score": 0.914151576123407,
                "support": 1440
            },
            "1": {
                "precision": 0.9226430298146656,
                "recall": 0.856394913986537,
                "f1-score": 0.8882854926299457,
                "support": 1337
            },
            "2": {
                "precision": 0.9437229437229437,
                "recall": 0.919831223628692,
                "f1-score": 0.9316239316239316,
                "support": 237
            },
            "accuracy": 0.9044459190444591,
            "macro avg": {
                "precision": 0.9167609881528304,
                "recall": 0.9075846384643356,
                "f1-score": 0.9113536667924281,
                "support": 3014
            },
            "weighted avg": {
                "precision": 0.905798452372467,
                "recall": 0.9044459190444591,
                "f1-score": 0.9040513752683528,
                "support": 3014
            },
            "score": 0.9044459190444591
        },
        "test": {
            "0": {
                "precision": 0.873490813648294,
                "recall": 0.9244444444444444,
                "f1-score": 0.8982456140350876,
                "support": 1800
            },
            "1": {
                "precision": 0.8982188295165394,
                "recall": 0.8444976076555024,
                "f1-score": 0.8705302096177558,
                "support": 1672
            },
            "2": {
                "precision": 0.9344827586206896,
                "recall": 0.9186440677966101,
                "f1-score": 0.9264957264957264,
                "support": 295
            },
            "accuracy": 0.8885054419962836,
            "macro avg": {
                "precision": 0.9020641339285076,
                "recall": 0.895862039965519,
                "f1-score": 0.8984238500495233,
                "support": 3767
            },
            "weighted avg": {
                "precision": 0.8892428354955365,
                "recall": 0.8885054419962836,
                "f1-score": 0.888156319368273,
                "support": 3767
            },
            "score": 0.8885054419962836
        }
    }
}
