{
    "eval_type": "synthetic",
    "dataset": "data/winequality/",
    "metrics": {
        "train": {
            "rmse": 0.492730434313618,
            "r2": 0.8751042919186719,
            "score": -0.492730434313618
        },
        "val": {
            "rmse": 0.719743051914252,
            "r2": 0.3803560000283167,
            "score": -0.719743051914252
        },
        "test": {
            "rmse": 0.6826397051732334,
            "r2": 0.36903524403954335,
            "score": -0.6826397051732334
        }
    }
}
