{
    "eval_type": "synthetic",
    "dataset": "data/buddy/",
    "metrics": {
        "train": {
            "0": {
                "precision": 0.9307307985434837,
                "recall": 0.9574458817892766,
                "f1-score": 0.9438993494643279,
                "support": 22959
            },
            "1": {
                "precision": 0.9418211664735419,
                "recall": 0.9171564248436692,
                "f1-score": 0.92932517091065,
                "support": 21269
            },
            "2": {
                "precision": 0.9645776566757494,
                "recall": 0.9384941675503712,
                "f1-score": 0.9513571620532116,
                "support": 3772
            },
            "accuracy": 0.9381041666666666,
            "macro avg": {
                "precision": 0.9457098738975915,
                "recall": 0.9376988247277723,
                "f1-score": 0.9415272274760631,
                "support": 48000
            },
            "weighted avg": {
                "precision": 0.9383047857180526,
                "recall": 0.9381041666666666,
                "f1-score": 0.938027529994059,
                "support": 48000
            },
            "score": 0.9381041666666666
        },
        "val": {
            "0": {
                "precision": 0.8904290429042905,
                "recall": 0.9368055555555556,
                "f1-score": 0.9130287648054146,
                "support": 1440
            },
            "1": {
                "precision": 0.9179282868525896,
                "recall": 0.8616305160807779,
                "f1-score": 0.8888888888888888,
                "support": 1337
            },
            "2": {
                "precision": 0.9221311475409836,
                "recall": 0.9493670886075949,
                "f1-score": 0.9355509355509356,
                "support": 237
            },
            "accuracy": 0.9044459190444591,
            "macro avg": {
                "precision": 0.9101628257659545,
                "recall": 0.9159343867479762,
                "f1-score": 0.912489529748413,
                "support": 3014
            },
            "weighted avg": {
                "precision": 0.9051204456772741,
                "recall": 0.9044459190444591,
                "f1-score": 0.9040913860284715,
                "support": 3014
            },
            "score": 0.9044459190444591
        },
        "test": {
            "0": {
                "precision": 0.8834128245892952,
                "recall": 0.9261111111111111,
                "f1-score": 0.9042582045023054,
                "support": 1800
            },
            "1": {
                "precision": 0.9055168040583386,
                "recall": 0.854066985645933,
                "f1-score": 0.8790397045244691,
                "support": 1672
            },
            "2": {
                "precision": 0.9207920792079208,
                "recall": 0.9457627118644067,
                "f1-score": 0.9331103678929766,
                "support": 295
            },
            "accuracy": 0.8956729492965224,
            "macro avg": {
                "precision": 0.9032405692851849,
                "recall": 0.9086469362071502,
                "f1-score": 0.9054694256399171,
                "support": 3767
            },
            "weighted avg": {
                "precision": 0.8961510071708549,
                "recall": 0.8956729492965224,
                "f1-score": 0.8953243197763446,
                "support": 3767
            },
            "score": 0.8956729492965224
        }
    }
}
