{
    "eval_type": "synthetic",
    "dataset": "data/buddy/",
    "metrics": {
        "train": {
            "0": {
                "precision": 0.9380990415335463,
                "recall": 0.9849056603773585,
                "f1-score": 0.960932706074862,
                "support": 2385
            },
            "1": {
                "precision": 0.9796401515151515,
                "recall": 0.9286355475763016,
                "f1-score": 0.9534562211981567,
                "support": 2228
            },
            "2": {
                "precision": 0.9895833333333334,
                "recall": 0.9819121447028424,
                "f1-score": 0.9857328145265889,
                "support": 387
            },
            "accuracy": 0.9596,
            "macro avg": {
                "precision": 0.9691075087940103,
                "recall": 0.9651511175521675,
                "f1-score": 0.9667072472665358,
                "support": 5000
            },
            "weighted avg": {
                "precision": 0.960594644326653,
                "recall": 0.9596,
                "f1-score": 0.9595207128079659,
                "support": 5000
            },
            "score": 0.9596
        },
        "val": {
            "0": {
                "precision": 0.8759894459102903,
                "recall": 0.9222222222222223,
                "f1-score": 0.8985115020297699,
                "support": 1440
            },
            "1": {
                "precision": 0.8900235663786331,
                "recall": 0.8474195961106956,
                "f1-score": 0.8681992337164751,
                "support": 1337
            },
            "2": {
                "precision": 0.9288888888888889,
                "recall": 0.8818565400843882,
                "f1-score": 0.9047619047619047,
                "support": 237
            },
            "accuracy": 0.8858659588586596,
            "macro avg": {
                "precision": 0.8983006337259374,
                "recall": 0.8838327861391021,
                "f1-score": 0.8904908801693833,
                "support": 3014
            },
            "weighted avg": {
                "precision": 0.8863745776462233,
                "recall": 0.8858659588586596,
                "f1-score": 0.8855565726046342,
                "support": 3014
            },
            "score": 0.8858659588586596
        },
        "test": {
            "0": {
                "precision": 0.8739539748953975,
                "recall": 0.9283333333333333,
                "f1-score": 0.9003232758620691,
                "support": 1800
            },
            "1": {
                "precision": 0.8950031625553447,
                "recall": 0.8462918660287081,
                "f1-score": 0.8699661850599445,
                "support": 1672
            },
            "2": {
                "precision": 0.9379562043795621,
                "recall": 0.8711864406779661,
                "f1-score": 0.9033391915641475,
                "support": 295
            },
            "accuracy": 0.8874435890629148,
            "macro avg": {
                "precision": 0.9023044472767681,
                "recall": 0.8819372133466693,
                "f1-score": 0.8912095508287203,
                "support": 3767
            },
            "weighted avg": {
                "precision": 0.8883088725500989,
                "recall": 0.8874435890629148,
                "f1-score": 0.8870853250553159,
                "support": 3767
            },
            "score": 0.8874435890629148
        }
    }
}
