{
    "eval_type": "synthetic",
    "dataset": "data/churn2/",
    "metrics": {
        "train": {
            "0": {
                "precision": 0.8766631956496587,
                "recall": 0.9575382282320233,
                "f1-score": 0.9153177095916889,
                "support": 7913
            },
            "1": {
                "precision": 0.7523949889462048,
                "recall": 0.4892189746046957,
                "f1-score": 0.5929152148664344,
                "support": 2087
            },
            "accuracy": 0.8598,
            "macro avg": {
                "precision": 0.8145290922979318,
                "recall": 0.7233786014183595,
                "f1-score": 0.7541164622290617,
                "support": 10000
            },
            "weighted avg": {
                "precision": 0.8507284209106479,
                "recall": 0.8598,
                "f1-score": 0.8480323089425282,
                "support": 10000
            },
            "roc_auc": 0.8740974181913987,
            "score": 0.8598
        },
        "val": {
            "0": {
                "precision": 0.8781542898341744,
                "recall": 0.9560439560439561,
                "f1-score": 0.915445321307779,
                "support": 1274
            },
            "1": {
                "precision": 0.7370892018779343,
                "recall": 0.4815950920245399,
                "f1-score": 0.5825602968460112,
                "support": 326
            },
            "accuracy": 0.859375,
            "macro avg": {
                "precision": 0.8076217458560544,
                "recall": 0.718819524034248,
                "f1-score": 0.7490028090768951,
                "support": 1600
            },
            "weighted avg": {
                "precision": 0.8494122781630905,
                "recall": 0.859375,
                "f1-score": 0.8476199975736938,
                "support": 1600
            },
            "roc_auc": 0.8417019002032148,
            "score": 0.859375
        },
        "test": {
            "0": {
                "precision": 0.8742065781881131,
                "recall": 0.9510357815442562,
                "f1-score": 0.9110042092603728,
                "support": 1593
            },
            "1": {
                "precision": 0.7078651685393258,
                "recall": 0.4643734643734644,
                "f1-score": 0.5608308605341246,
                "support": 407
            },
            "accuracy": 0.852,
            "macro avg": {
                "precision": 0.7910358733637195,
                "recall": 0.7077046229588603,
                "f1-score": 0.7359175348972486,
                "support": 2000
            },
            "weighted avg": {
                "precision": 0.8403561013245848,
                "recall": 0.852,
                "f1-score": 0.8397439327945813,
                "support": 2000
            },
            "roc_auc": 0.8415996890573161,
            "score": 0.852
        }
    }
}
