{
    "eval_type": "synthetic",
    "dataset": "data/insurance/",
    "metrics": {
        "train": {
            "rmse": 4395.692510506877,
            "r2": 0.9381977496131758,
            "score": -4395.692510506877
        },
        "val": {
            "rmse": 4970.876714322264,
            "r2": 0.8161095676939542,
            "score": -4970.876714322264
        },
        "test": {
            "rmse": 4918.772236196322,
            "r2": 0.8006261030096777,
            "score": -4918.772236196322
        }
    }
}
