{
    "eval_type": "synthetic",
    "dataset": "data/buddy/",
    "metrics": {
        "train": {
            "0": {
                "precision": 0.8990534979423869,
                "recall": 0.9515658347489002,
                "f1-score": 0.9245646331915615,
                "support": 22959
            },
            "1": {
                "precision": 0.9284997491219268,
                "recall": 0.8700456062814425,
                "f1-score": 0.8983227748246316,
                "support": 21269
            },
            "2": {
                "precision": 0.916710875331565,
                "recall": 0.9162248144220573,
                "f1-score": 0.9164677804295943,
                "support": 3772
            },
            "accuracy": 0.9126666666666666,
            "macro avg": {
                "precision": 0.9147547074652929,
                "recall": 0.9126120851508001,
                "f1-score": 0.9131183961485957,
                "support": 48000
            },
            "weighted avg": {
                "precision": 0.9134888301059206,
                "recall": 0.9126666666666666,
                "f1-score": 0.9123004787285537,
                "support": 48000
            },
            "score": 0.9126666666666666
        },
        "val": {
            "0": {
                "precision": 0.8805194805194805,
                "recall": 0.9416666666666667,
                "f1-score": 0.9100671140939597,
                "support": 1440
            },
            "1": {
                "precision": 0.9160613397901534,
                "recall": 0.8489154824233358,
                "f1-score": 0.8812111801242236,
                "support": 1337
            },
            "2": {
                "precision": 0.9234042553191489,
                "recall": 0.9156118143459916,
                "f1-score": 0.9194915254237288,
                "support": 237
            },
            "accuracy": 0.8984737889847378,
            "macro avg": {
                "precision": 0.9066616918762609,
                "recall": 0.9020646544786647,
                "f1-score": 0.9035899398806374,
                "support": 3014
            },
            "weighted avg": {
                "precision": 0.8996578871128484,
                "recall": 0.8984737889847378,
                "f1-score": 0.8980077915218356,
                "support": 3014
            },
            "score": 0.8984737889847378
        },
        "test": {
            "0": {
                "precision": 0.8753894080996885,
                "recall": 0.9366666666666666,
                "f1-score": 0.9049919484702094,
                "support": 1800
            },
            "1": {
                "precision": 0.9089147286821705,
                "recall": 0.8415071770334929,
                "f1-score": 0.8739130434782609,
                "support": 1672
            },
            "2": {
                "precision": 0.9146757679180887,
                "recall": 0.9084745762711864,
                "f1-score": 0.91156462585034,
                "support": 295
            },
            "accuracy": 0.892221927263074,
            "macro avg": {
                "precision": 0.8996599682333158,
                "recall": 0.895549473323782,
                "f1-score": 0.8968232059329369,
                "support": 3767
            },
            "weighted avg": {
                "precision": 0.893346353191363,
                "recall": 0.892221927263074,
                "f1-score": 0.8917121530575735,
                "support": 3767
            },
            "score": 0.892221927263074
        }
    }
}
