{
    "eval_type": "synthetic",
    "dataset": "data/california/",
    "metrics": {
        "train": {
            "rmse": 0.28637031584250994,
            "r2": 0.938193961061357,
            "score": -0.28637031584250994
        },
        "val": {
            "rmse": 0.4742998096361174,
            "r2": 0.8274671746499045,
            "score": -0.4742998096361174
        },
        "test": {
            "rmse": 0.4781857631249583,
            "r2": 0.8246399272364524,
            "score": -0.4781857631249583
        }
    }
}
