{
    "eval_type": "synthetic",
    "dataset": "data/california/",
    "metrics": {
        "train": {
            "rmse": 0.2808167483078369,
            "r2": 0.9429203210828249,
            "score": -0.2808167483078369
        },
        "val": {
            "rmse": 0.470653025063006,
            "r2": 0.8301101116288563,
            "score": -0.470653025063006
        },
        "test": {
            "rmse": 0.47115517349927133,
            "r2": 0.8297585261768856,
            "score": -0.47115517349927133
        }
    }
}
