{
    "eval_type": "synthetic",
    "dataset": "data/california/",
    "metrics": {
        "train": {
            "rmse": 0.40594198342456367,
            "r2": 0.8935788403515273,
            "score": -0.40594198342456367
        },
        "val": {
            "rmse": 0.4949627492183699,
            "r2": 0.8121068926030288,
            "score": -0.4949627492183699
        },
        "test": {
            "rmse": 0.4926838826398892,
            "r2": 0.81384524127436,
            "score": -0.4926838826398892
        }
    }
}
