{
    "eval_type": "synthetic",
    "dataset": "data/churn2/",
    "metrics": {
        "train": {
            "0": {
                "precision": 0.8976821789321789,
                "recall": 0.9641127469972879,
                "f1-score": 0.9297123108537269,
                "support": 20648
            },
            "1": {
                "precision": 0.8062238493723849,
                "recall": 0.5760463378176383,
                "f1-score": 0.6719703574542284,
                "support": 5352
            },
            "accuracy": 0.8842307692307693,
            "macro avg": {
                "precision": 0.851953014152282,
                "recall": 0.7700795424074631,
                "f1-score": 0.8008413341539776,
                "support": 26000
            },
            "weighted avg": {
                "precision": 0.8788558335551014,
                "recall": 0.8842307692307693,
                "f1-score": 0.8766571210616455,
                "support": 26000
            },
            "roc_auc": 0.9110121624030152,
            "score": 0.8842307692307693
        },
        "val": {
            "0": {
                "precision": 0.8858181818181818,
                "recall": 0.9560439560439561,
                "f1-score": 0.9195922989807475,
                "support": 1274
            },
            "1": {
                "precision": 0.7511111111111111,
                "recall": 0.5184049079754601,
                "f1-score": 0.6134301270417422,
                "support": 326
            },
            "accuracy": 0.866875,
            "macro avg": {
                "precision": 0.8184646464646465,
                "recall": 0.7372244320097081,
                "f1-score": 0.7665112130112448,
                "support": 1600
            },
            "weighted avg": {
                "precision": 0.8583716161616163,
                "recall": 0.866875,
                "f1-score": 0.8572117564481752,
                "support": 1600
            },
            "roc_auc": 0.8668653870231433,
            "score": 0.866875
        },
        "test": {
            "0": {
                "precision": 0.8828985507246376,
                "recall": 0.9560577526679221,
                "f1-score": 0.9180229053646775,
                "support": 1593
            },
            "1": {
                "precision": 0.7454545454545455,
                "recall": 0.5036855036855037,
                "f1-score": 0.6011730205278593,
                "support": 407
            },
            "accuracy": 0.864,
            "macro avg": {
                "precision": 0.8141765480895915,
                "recall": 0.7298716281767129,
                "f1-score": 0.7595979629462684,
                "support": 2000
            },
            "weighted avg": {
                "precision": 0.8549286956521739,
                "recall": 0.864,
                "f1-score": 0.853543953800385,
                "support": 2000
            },
            "roc_auc": 0.8542533288295999,
            "score": 0.864
        }
    }
}
