{
    "eval_type": "synthetic",
    "dataset": "data/buddy/",
    "metrics": {
        "train": {
            "0": {
                "precision": 0.9171703969939552,
                "recall": 0.9641078481882192,
                "f1-score": 0.9400535833891493,
                "support": 11646
            },
            "1": {
                "precision": 0.9528112449799196,
                "recall": 0.9007213363705391,
                "f1-score": 0.9260343481654956,
                "support": 10536
            },
            "2": {
                "precision": 0.982202447163515,
                "recall": 0.9713971397139713,
                "f1-score": 0.9767699115044247,
                "support": 1818
            },
            "accuracy": 0.9368333333333333,
            "macro avg": {
                "precision": 0.9507280297124633,
                "recall": 0.9454087747575765,
                "f1-score": 0.9476192810196898,
                "support": 24000
            },
            "weighted avg": {
                "precision": 0.9377429070601377,
                "recall": 0.9368333333333333,
                "f1-score": 0.9366804009806974,
                "support": 24000
            },
            "score": 0.9368333333333333
        },
        "val": {
            "0": {
                "precision": 0.8789473684210526,
                "recall": 0.9277777777777778,
                "f1-score": 0.9027027027027026,
                "support": 1440
            },
            "1": {
                "precision": 0.9059760956175299,
                "recall": 0.8504113687359761,
                "f1-score": 0.8773148148148149,
                "support": 1337
            },
            "2": {
                "precision": 0.9246861924686193,
                "recall": 0.9324894514767933,
                "f1-score": 0.9285714285714286,
                "support": 237
            },
            "accuracy": 0.893828798938288,
            "macro avg": {
                "precision": 0.903203218835734,
                "recall": 0.9035595326635156,
                "f1-score": 0.9028629820296487,
                "support": 3014
            },
            "weighted avg": {
                "precision": 0.8945338015866011,
                "recall": 0.893828798938288,
                "f1-score": 0.8934748599438379,
                "support": 3014
            },
            "score": 0.893828798938288
        },
        "test": {
            "0": {
                "precision": 0.8814187400741132,
                "recall": 0.925,
                "f1-score": 0.902683654106804,
                "support": 1800
            },
            "1": {
                "precision": 0.8999370673379484,
                "recall": 0.8552631578947368,
                "f1-score": 0.8770315854032505,
                "support": 1672
            },
            "2": {
                "precision": 0.9377162629757786,
                "recall": 0.9186440677966101,
                "f1-score": 0.928082191780822,
                "support": 295
            },
            "accuracy": 0.8935492434297849,
            "macro avg": {
                "precision": 0.9063573567959468,
                "recall": 0.8996357418971157,
                "f1-score": 0.9025991437636254,
                "support": 3767
            },
            "weighted avg": {
                "precision": 0.8940469355721551,
                "recall": 0.8935492434297849,
                "f1-score": 0.893286868797936,
                "support": 3767
            },
            "score": 0.8935492434297849
        }
    }
}
