{
    "privacy_discount": 0.5028889417705997,
    "dcr": 0.39374123630189917,
    "gower": 0.0325095701991519,
    "nndr": 0.02987010602028821,
    "pretrain_steps": 0.021288902684563765,
    "steps_per_round": 0.019701243023497114
}
