{
    "eval_type": "synthetic",
    "dataset": "data/abalone/",
    "metrics": {
        "train": {
            "rmse": 2.2101164144483127,
            "r2": 0.6870801661269942,
            "score": -2.2101164144483127
        },
        "val": {
            "rmse": 2.070608966518372,
            "r2": 0.5607201035650725,
            "score": -2.070608966518372
        },
        "test": {
            "rmse": 2.047519480417328,
            "r2": 0.5392514572651441,
            "score": -2.047519480417328
        }
    }
}
