{
    "eval_type": "synthetic",
    "dataset": "data/buddy/",
    "metrics": {
        "train": {
            "0": {
                "precision": 0.9421228583368157,
                "recall": 0.9437002930096274,
                "f1-score": 0.9429109159347554,
                "support": 4778
            },
            "1": {
                "precision": 0.933739012846518,
                "recall": 0.9326879783881135,
                "f1-score": 0.9332131996846492,
                "support": 4442
            },
            "2": {
                "precision": 0.9716859716859717,
                "recall": 0.967948717948718,
                "f1-score": 0.9698137443802184,
                "support": 780
            },
            "accuracy": 0.9407,
            "macro avg": {
                "precision": 0.9491826142897685,
                "recall": 0.9481123297821529,
                "f1-score": 0.9486459533332076,
                "support": 10000
            },
            "weighted avg": {
                "precision": 0.9407046770112595,
                "recall": 0.9407,
                "f1-score": 0.9407016109952044,
                "support": 10000
            },
            "score": 0.9407
        },
        "val": {
            "0": {
                "precision": 0.8882072256305386,
                "recall": 0.9048611111111111,
                "f1-score": 0.8964568283453733,
                "support": 1440
            },
            "1": {
                "precision": 0.8837920489296636,
                "recall": 0.8646222887060584,
                "f1-score": 0.874102079395085,
                "support": 1337
            },
            "2": {
                "precision": 0.9205020920502092,
                "recall": 0.9282700421940928,
                "f1-score": 0.9243697478991596,
                "support": 237
            },
            "accuracy": 0.8888520238885202,
            "macro avg": {
                "precision": 0.8975004555368038,
                "recall": 0.8992511473370874,
                "f1-score": 0.8983095518798726,
                "support": 3014
            },
            "weighted avg": {
                "precision": 0.8887881121907217,
                "recall": 0.8888520238885202,
                "f1-score": 0.8887352167288212,
                "support": 3014
            },
            "score": 0.8888520238885202
        },
        "test": {
            "0": {
                "precision": 0.8929971988795519,
                "recall": 0.8855555555555555,
                "f1-score": 0.8892608089260808,
                "support": 1800
            },
            "1": {
                "precision": 0.8636633076467102,
                "recall": 0.8714114832535885,
                "f1-score": 0.8675200952664485,
                "support": 1672
            },
            "2": {
                "precision": 0.911864406779661,
                "recall": 0.911864406779661,
                "f1-score": 0.911864406779661,
                "support": 295
            },
            "accuracy": 0.8813379346960446,
            "macro avg": {
                "precision": 0.8895083044353077,
                "recall": 0.889610481862935,
                "f1-score": 0.8895484369907302,
                "support": 3767
            },
            "weighted avg": {
                "precision": 0.8814547407402423,
                "recall": 0.8813379346960446,
                "f1-score": 0.881381219897119,
                "support": 3767
            },
            "score": 0.8813379346960446
        }
    }
}
