{
    "eval_type": "synthetic",
    "dataset": "data/california/",
    "metrics": {
        "train": {
            "rmse": 0.33300684230237954,
            "r2": 0.9202106330735946,
            "score": -0.33300684230237954
        },
        "val": {
            "rmse": 0.4844243720554264,
            "r2": 0.8200226638003512,
            "score": -0.4844243720554264
        },
        "test": {
            "rmse": 0.48333311753687713,
            "r2": 0.820844324574052,
            "score": -0.48333311753687713
        }
    }
}
