{
    "eval_type": "synthetic",
    "dataset": "data/churn2/",
    "metrics": {
        "train": {
            "0": {
                "precision": 0.9015926160528459,
                "recall": 0.9650813638124758,
                "f1-score": 0.9322573099415205,
                "support": 20648
            },
            "1": {
                "precision": 0.8150333504361211,
                "recall": 0.593609865470852,
                "f1-score": 0.6869189189189189,
                "support": 5352
            },
            "accuracy": 0.8886153846153846,
            "macro avg": {
                "precision": 0.8583129832444836,
                "recall": 0.779345614641664,
                "f1-score": 0.8095881144302197,
                "support": 26000
            },
            "weighted avg": {
                "precision": 0.8837747241458955,
                "recall": 0.8886153846153846,
                "f1-score": 0.8817553457587141,
                "support": 26000
            },
            "roc_auc": 0.9213006981859502,
            "score": 0.8886153846153846
        },
        "val": {
            "0": {
                "precision": 0.8701117318435754,
                "recall": 0.978021978021978,
                "f1-score": 0.9209164818920917,
                "support": 1274
            },
            "1": {
                "precision": 0.8333333333333334,
                "recall": 0.4294478527607362,
                "f1-score": 0.5668016194331983,
                "support": 326
            },
            "accuracy": 0.86625,
            "macro avg": {
                "precision": 0.8517225325884543,
                "recall": 0.7037349153913571,
                "f1-score": 0.743859050662645,
                "support": 1600
            },
            "weighted avg": {
                "precision": 0.8626181331471137,
                "recall": 0.86625,
                "f1-score": 0.8487655786660924,
                "support": 1600
            },
            "roc_auc": 0.8643565023933122,
            "score": 0.86625
        },
        "test": {
            "0": {
                "precision": 0.859271523178808,
                "recall": 0.9774011299435028,
                "f1-score": 0.9145374449339206,
                "support": 1593
            },
            "1": {
                "precision": 0.8085106382978723,
                "recall": 0.37346437346437344,
                "f1-score": 0.5109243697478991,
                "support": 407
            },
            "accuracy": 0.8545,
            "macro avg": {
                "precision": 0.8338910807383402,
                "recall": 0.6754327517039381,
                "f1-score": 0.7127309073409098,
                "support": 2000
            },
            "weighted avg": {
                "precision": 0.8489416831055375,
                "recall": 0.8545,
                "f1-score": 0.8324021841335653,
                "support": 2000
            },
            "roc_auc": 0.8437381911958183,
            "score": 0.8545
        }
    }
}
