{
    "eval_type": "synthetic",
    "dataset": "data/abalone/",
    "metrics": {
        "train": {
            "rmse": 2.2113123314299243,
            "r2": 0.7842697070968628,
            "score": -2.2113123314299243
        },
        "val": {
            "rmse": 2.0539385280065736,
            "r2": 0.5677649005222172,
            "score": -2.0539385280065736
        },
        "test": {
            "rmse": 2.0672912595344366,
            "r2": 0.5303100989264575,
            "score": -2.0672912595344366
        }
    }
}
