{
    "eval_type": "synthetic",
    "dataset": "data/gesture/",
    "metrics": {
        "train": {
            "0": {
                "precision": 0.9888649425287356,
                "recall": 0.9745132743362832,
                "f1-score": 0.9816366553752897,
                "support": 2825
            },
            "1": {
                "precision": 0.9934282584884995,
                "recall": 0.9274028629856851,
                "f1-score": 0.9592808038075092,
                "support": 978
            },
            "2": {
                "precision": 0.9745533297238765,
                "recall": 0.8683068017366136,
                "f1-score": 0.9183673469387755,
                "support": 2073
            },
            "3": {
                "precision": 0.9103568320278503,
                "recall": 0.9289520426287744,
                "f1-score": 0.9195604395604395,
                "support": 1126
            },
            "4": {
                "precision": 0.8748110069549441,
                "recall": 0.9649766511007338,
                "f1-score": 0.917684377478192,
                "support": 2998
            },
            "accuracy": 0.9399,
            "macro avg": {
                "precision": 0.9484028739447812,
                "recall": 0.9328303265576181,
                "f1-score": 0.9393059246320412,
                "support": 10000
            },
            "weighted avg": {
                "precision": 0.9433110543677309,
                "recall": 0.9399,
                "f1-score": 0.9401718506387693,
                "support": 10000
            },
            "score": 0.9399
        },
        "val": {
            "0": {
                "precision": 0.5846422338568935,
                "recall": 0.7630979498861048,
                "f1-score": 0.6620553359683795,
                "support": 439
            },
            "1": {
                "precision": 0.3424657534246575,
                "recall": 0.15625,
                "f1-score": 0.2145922746781116,
                "support": 160
            },
            "2": {
                "precision": 0.45454545454545453,
                "recall": 0.3880597014925373,
                "f1-score": 0.4186795491143317,
                "support": 335
            },
            "3": {
                "precision": 0.41935483870967744,
                "recall": 0.14942528735632185,
                "f1-score": 0.22033898305084748,
                "support": 174
            },
            "4": {
                "precision": 0.5187713310580204,
                "recall": 0.6440677966101694,
                "f1-score": 0.5746691871455576,
                "support": 472
            },
            "accuracy": 0.5189873417721519,
            "macro avg": {
                "precision": 0.4639559223189407,
                "recall": 0.4201801470690267,
                "f1-score": 0.41806706599144555,
                "support": 1580
            },
            "weighted avg": {
                "precision": 0.4946537966321002,
                "recall": 0.5189873417721519,
                "f1-score": 0.490390851123714,
                "support": 1580
            },
            "score": 0.5189873417721519
        },
        "test": {
            "0": {
                "precision": 0.576271186440678,
                "recall": 0.7445255474452555,
                "f1-score": 0.6496815286624203,
                "support": 548
            },
            "1": {
                "precision": 0.34146341463414637,
                "recall": 0.14,
                "f1-score": 0.19858156028368795,
                "support": 200
            },
            "2": {
                "precision": 0.4423076923076923,
                "recall": 0.38333333333333336,
                "f1-score": 0.41071428571428575,
                "support": 420
            },
            "3": {
                "precision": 0.463768115942029,
                "recall": 0.14746543778801843,
                "f1-score": 0.2237762237762238,
                "support": 217
            },
            "4": {
                "precision": 0.535904255319149,
                "recall": 0.6830508474576271,
                "f1-score": 0.6005961251862891,
                "support": 590
            },
            "accuracy": 0.5225316455696203,
            "macro avg": {
                "precision": 0.4719429329287389,
                "recall": 0.41967503320484684,
                "f1-score": 0.4166699447245814,
                "support": 1975
            },
            "weighted avg": {
                "precision": 0.49958466615861763,
                "recall": 0.5225316455696203,
                "f1-score": 0.4917230097129595,
                "support": 1975
            },
            "score": 0.5225316455696203
        }
    }
}
