{
    "eval_type": "synthetic",
    "dataset": "data/gesture/",
    "metrics": {
        "train": {
            "0": {
                "precision": 0.614428987382724,
                "recall": 0.656435780450712,
                "f1-score": 0.6347381437786171,
                "support": 14466
            },
            "1": {
                "precision": 0.8730897009966777,
                "recall": 0.25182062092755847,
                "f1-score": 0.3908969210174029,
                "support": 5218
            },
            "2": {
                "precision": 0.6079699071353003,
                "recall": 0.468860484090291,
                "f1-score": 0.52942982905108,
                "support": 11031
            },
            "3": {
                "precision": 0.6939371804236669,
                "recall": 0.33193570929419985,
                "f1-score": 0.4490664145592058,
                "support": 5724
            },
            "4": {
                "precision": 0.5140575751208237,
                "recall": 0.7860677334361544,
                "f1-score": 0.6216078869803842,
                "support": 15561
            },
            "accuracy": 0.5791153846153846,
            "macro avg": {
                "precision": 0.6606966702118385,
                "recall": 0.4990240656397832,
                "f1-score": 0.5251478390773381,
                "support": 52000
            },
            "weighted avg": {
                "precision": 0.6177302727709395,
                "recall": 0.5791153846153846,
                "f1-score": 0.5635626740821422,
                "support": 52000
            },
            "score": 0.5791153846153846
        },
        "val": {
            "0": {
                "precision": 0.4933510638297872,
                "recall": 0.8451025056947609,
                "f1-score": 0.6230058774139379,
                "support": 439
            },
            "1": {
                "precision": 0.625,
                "recall": 0.09375,
                "f1-score": 0.16304347826086957,
                "support": 160
            },
            "2": {
                "precision": 0.40119760479041916,
                "recall": 0.2,
                "f1-score": 0.2669322709163347,
                "support": 335
            },
            "3": {
                "precision": 0.4418604651162791,
                "recall": 0.10919540229885058,
                "f1-score": 0.1751152073732719,
                "support": 174
            },
            "4": {
                "precision": 0.4797979797979798,
                "recall": 0.6038135593220338,
                "f1-score": 0.5347091932457786,
                "support": 472
            },
            "accuracy": 0.4791139240506329,
            "macro avg": {
                "precision": 0.4882414227068931,
                "recall": 0.37037229346312905,
                "f1-score": 0.3525612054420385,
                "support": 1580
            },
            "weighted avg": {
                "precision": 0.4774244822917379,
                "recall": 0.4791139240506329,
                "f1-score": 0.42522888149264987,
                "support": 1580
            },
            "score": 0.4791139240506329
        },
        "test": {
            "0": {
                "precision": 0.4805194805194805,
                "recall": 0.8102189781021898,
                "f1-score": 0.6032608695652173,
                "support": 548
            },
            "1": {
                "precision": 0.30434782608695654,
                "recall": 0.035,
                "f1-score": 0.06278026905829596,
                "support": 200
            },
            "2": {
                "precision": 0.43434343434343436,
                "recall": 0.20476190476190476,
                "f1-score": 0.27831715210355984,
                "support": 420
            },
            "3": {
                "precision": 0.425531914893617,
                "recall": 0.09216589861751152,
                "f1-score": 0.15151515151515152,
                "support": 217
            },
            "4": {
                "precision": 0.45977011494252873,
                "recall": 0.6101694915254238,
                "f1-score": 0.5243991260014567,
                "support": 590
            },
            "accuracy": 0.46430379746835443,
            "macro avg": {
                "precision": 0.42090255415720346,
                "recall": 0.350463254601406,
                "f1-score": 0.3240545136487363,
                "support": 1975
            },
            "weighted avg": {
                "precision": 0.44061938041231186,
                "recall": 0.46430379746835443,
                "f1-score": 0.4062331576893877,
                "support": 1975
            },
            "score": 0.46430379746835443
        }
    }
}
