{
    "eval_type": "synthetic",
    "dataset": "data/churn2/",
    "metrics": {
        "train": {
            "0": {
                "precision": 0.9129804205946338,
                "recall": 0.97900466562986,
                "f1-score": 0.9448405253283302,
                "support": 1286
            },
            "1": {
                "precision": 0.8902439024390244,
                "recall": 0.6460176991150443,
                "f1-score": 0.7487179487179487,
                "support": 339
            },
            "accuracy": 0.9095384615384615,
            "macro avg": {
                "precision": 0.9016121615168291,
                "recall": 0.8125111823724521,
                "f1-score": 0.8467792370231395,
                "support": 1625
            },
            "weighted avg": {
                "precision": 0.9082372331147865,
                "recall": 0.9095384615384615,
                "f1-score": 0.9039263385769952,
                "support": 1625
            },
            "roc_auc": 0.9310580932850714,
            "score": 0.9095384615384615
        },
        "val": {
            "0": {
                "precision": 0.8826937002172339,
                "recall": 0.956828885400314,
                "f1-score": 0.9182674199623353,
                "support": 1274
            },
            "1": {
                "precision": 0.7488584474885844,
                "recall": 0.5030674846625767,
                "f1-score": 0.6018348623853211,
                "support": 326
            },
            "accuracy": 0.864375,
            "macro avg": {
                "precision": 0.8157760738529092,
                "recall": 0.7299481850314453,
                "f1-score": 0.7600511411738282,
                "support": 1600
            },
            "weighted avg": {
                "precision": 0.8554247674737715,
                "recall": 0.864375,
                "f1-score": 0.8537942863560187,
                "support": 1600
            },
            "roc_auc": 0.8358317843418632,
            "score": 0.864375
        },
        "test": {
            "0": {
                "precision": 0.8704128440366973,
                "recall": 0.9529190207156308,
                "f1-score": 0.9097992208570573,
                "support": 1593
            },
            "1": {
                "precision": 0.70703125,
                "recall": 0.44471744471744473,
                "f1-score": 0.5460030165912518,
                "support": 407
            },
            "accuracy": 0.8495,
            "macro avg": {
                "precision": 0.7887220470183487,
                "recall": 0.6988182327165378,
                "f1-score": 0.7279011187241546,
                "support": 2000
            },
            "weighted avg": {
                "precision": 0.8371646896502294,
                "recall": 0.8495,
                "f1-score": 0.8357666932889659,
                "support": 2000
            },
            "roc_auc": 0.848688441908781,
            "score": 0.8495
        }
    }
}
