{
    "privacy_discount": 0.4895536520417638,
    "pretrain_steps": 0.21023518726228285,
    "nndr": 0.1686567612316844,
    "dcr": 0.07421536923693772,
    "steps_per_round": 0.03788594652930097,
    "gower": 0.019453083698030223
}
