{
    "eval_type": "synthetic",
    "dataset": "data/bike/",
    "metrics": {
        "train": {
            "rmse": 23.489631698081812,
            "r2": 0.9828643662033192,
            "score": -23.489631698081812
        },
        "val": {
            "rmse": 40.479016312209204,
            "r2": 0.9497391938631421,
            "score": -40.479016312209204
        },
        "test": {
            "rmse": 40.48635894233293,
            "r2": 0.9482354660423988,
            "score": -40.48635894233293
        }
    }
}
