{
    "eval_type": "synthetic",
    "dataset": "data/bike/",
    "metrics": {
        "train": {
            "rmse": 87.24046144327583,
            "r2": 0.8163883131331563,
            "score": -87.24046144327583
        },
        "val": {
            "rmse": 45.677722118196364,
            "r2": 0.9360002281053142,
            "score": -45.677722118196364
        },
        "test": {
            "rmse": 46.021016247507596,
            "r2": 0.9331152242442227,
            "score": -46.021016247507596
        }
    }
}
