{
    "wasserstein_distance_numerical": 0.00833056585848422,
    "js_similarity_categorical": 0.9939138722308295,
    "correlation_pearson": 0.9945186763272503,
    "correlation_spearman": 0.9866622729177558,
    "dcr_euclidean": 0.09159810370521874,
    "nndr_euclidean": 0.7930504523225999,
    "nndr_cosine": 0.6502757737581971,
    "gower_distance": 0.44851654797779256,
    "dcr_gower_distance": 0.08122342682634849,
    "mean": 0.004010495832099699,
    "median": 0.011465991797678038,
    "var": 0.0016697115223643772,
    "val": {
        "r2": 0.9497,
        "rmse": 40.479
    },
    "test": {
        "r2": 0.9482,
        "rmse": 40.4864
    },
    "elapsed_time": "Total training time: 55 min 2.66 sec"
}
