{
    "eval_type": "synthetic",
    "dataset": "data/abalone/",
    "metrics": {
        "train": {
            "rmse": 2.018058443204467,
            "r2": 0.8503026991162135,
            "score": -2.018058443204467
        },
        "val": {
            "rmse": 2.0487289992552147,
            "r2": 0.5699547280497811,
            "score": -2.0487289992552147
        },
        "test": {
            "rmse": 1.9981109591309532,
            "r2": 0.5612197319480823,
            "score": -1.9981109591309532
        }
    }
}
