{
    "pretrain_steps": 0.37026752433969456,
    "dcr": 0.30534928426918717,
    "privacy_discount": 0.2467482329021341,
    "nndr": 0.041446694483494806,
    "steps_per_round": 0.02613609287586716,
    "gower": 0.010052171129622088
}
