{
    "eval_type": "synthetic",
    "dataset": "data/winequality/",
    "metrics": {
        "train": {
            "rmse": 0.6703537719185397,
            "r2": 0.8908752343352588,
            "score": -0.6703537719185397
        },
        "val": {
            "rmse": 0.7105475379123737,
            "r2": 0.39608813189349135,
            "score": -0.7105475379123737
        },
        "test": {
            "rmse": 0.6843680666201729,
            "r2": 0.365836145885457,
            "score": -0.6843680666201729
        }
    }
}
