{
    "eval_type": "synthetic",
    "dataset": "data/abalone/",
    "metrics": {
        "train": {
            "rmse": 1.5553568474734452,
            "r2": 0.9769048321221419,
            "score": -1.5553568474734452
        },
        "val": {
            "rmse": 2.210275911700763,
            "r2": 0.4994607611129426,
            "score": -2.210275911700763
        },
        "test": {
            "rmse": 2.0114108182724513,
            "r2": 0.5553590587695736,
            "score": -2.0114108182724513
        }
    }
}
