{
    "gower": 0.4760993691837915,
    "dcr": 0.30436125357299326,
    "pretrain_steps": 0.1537406722245635,
    "privacy_discount": 0.045661364174767634,
    "nndr": 0.010240043273350024,
    "steps_per_round": 0.00989729757053396
}
