{
    "dcr": 0.34316520924719407,
    "pretrain_steps": 0.21762641152956846,
    "privacy_discount": 0.18760987188516107,
    "nndr": 0.1070656834584508,
    "steps_per_round": 0.10634549851877109,
    "gower": 0.038187325360854604
}
