{
    "eval_type": "synthetic",
    "dataset": "data/buddy/",
    "metrics": {
        "train": {
            "0": {
                "precision": 0.7584541062801933,
                "recall": 0.9301906233900051,
                "f1-score": 0.8355894943885225,
                "support": 11646
            },
            "1": {
                "precision": 0.8785960235477063,
                "recall": 0.7507593014426728,
                "f1-score": 0.8096627258303906,
                "support": 10536
            },
            "2": {
                "precision": 0.927170868347339,
                "recall": 0.3641364136413641,
                "f1-score": 0.5229067930489731,
                "support": 1818
            },
            "accuracy": 0.8085416666666667,
            "macro avg": {
                "precision": 0.8547403327250794,
                "recall": 0.681695446158014,
                "f1-score": 0.7227196710892954,
                "support": 24000
            },
            "weighted avg": {
                "precision": 0.8239767026872176,
                "recall": 0.8085416666666667,
                "f1-score": 0.8005219283650318,
                "support": 24000
            },
            "score": 0.8085416666666667
        },
        "val": {
            "0": {
                "precision": 0.917037037037037,
                "recall": 0.8597222222222223,
                "f1-score": 0.8874551971326166,
                "support": 1440
            },
            "1": {
                "precision": 0.8314993122420908,
                "recall": 0.9042632759910246,
                "f1-score": 0.8663561447509853,
                "support": 1337
            },
            "2": {
                "precision": 0.9238095238095239,
                "recall": 0.8185654008438819,
                "f1-score": 0.8680089485458613,
                "support": 237
            },
            "accuracy": 0.8762441937624419,
            "macro avg": {
                "precision": 0.8907819576962174,
                "recall": 0.8608502996857096,
                "f1-score": 0.8739400968098211,
                "support": 3014
            },
            "weighted avg": {
                "precision": 0.8796253387338638,
                "recall": 0.8762441937624419,
                "f1-score": 0.8765666125442615,
                "support": 3014
            },
            "score": 0.8762441937624419
        },
        "test": {
            "0": {
                "precision": 0.9197124026363092,
                "recall": 0.8527777777777777,
                "f1-score": 0.8849812626117036,
                "support": 1800
            },
            "1": {
                "precision": 0.8250410060142154,
                "recall": 0.902511961722488,
                "f1-score": 0.8620394173093402,
                "support": 1672
            },
            "2": {
                "precision": 0.8773234200743495,
                "recall": 0.8,
                "f1-score": 0.8368794326241137,
                "support": 295
            },
            "accuracy": 0.8707194053623574,
            "macro avg": {
                "precision": 0.874025609574958,
                "recall": 0.8517632465000885,
                "f1-score": 0.8613000375150525,
                "support": 3767
            },
            "weighted avg": {
                "precision": 0.8743725234199782,
                "recall": 0.8707194053623574,
                "f1-score": 0.8710314868771959,
                "support": 3767
            },
            "score": 0.8707194053623574
        }
    }
}
