{
    "eval_type": "synthetic",
    "dataset": "data/winequality/",
    "metrics": {
        "train": {
            "rmse": 0.5269328174583753,
            "r2": 0.6829302022476478,
            "score": -0.5269328174583753
        },
        "val": {
            "rmse": 0.713310811307281,
            "r2": 0.3913818500894968,
            "score": -0.713310811307281
        },
        "test": {
            "rmse": 0.6810587838640895,
            "r2": 0.3719543551364658,
            "score": -0.6810587838640895
        }
    }
}
