{
    "eval_type": "synthetic",
    "dataset": "data/california/",
    "metrics": {
        "train": {
            "rmse": 0.44823397285375677,
            "r2": 0.8517045884019327,
            "score": -0.44823397285375677
        },
        "val": {
            "rmse": 0.5103482095849878,
            "r2": 0.8002443901645552,
            "score": -0.5103482095849878
        },
        "test": {
            "rmse": 0.520015180658632,
            "r2": 0.7926187811070622,
            "score": -0.520015180658632
        }
    }
}
