{
    "eval_type": "synthetic",
    "dataset": "data/gesture/",
    "metrics": {
        "train": {
            "0": {
                "precision": 0.9752082909977647,
                "recall": 0.995230194939859,
                "f1-score": 0.9851175202709639,
                "support": 14466
            },
            "1": {
                "precision": 0.9849100406268136,
                "recall": 0.975661172863166,
                "f1-score": 0.9802637912775584,
                "support": 5218
            },
            "2": {
                "precision": 0.9905825870187425,
                "recall": 0.9726226090109691,
                "f1-score": 0.9815204464367395,
                "support": 11031
            },
            "3": {
                "precision": 0.9893542757417103,
                "recall": 0.9903913347309574,
                "f1-score": 0.9898725336127117,
                "support": 5724
            },
            "4": {
                "precision": 0.9891016960082544,
                "recall": 0.9856693014587752,
                "f1-score": 0.9873825157718553,
                "support": 15561
            },
            "accuracy": 0.9850769230769231,
            "macro avg": {
                "precision": 0.9858313780786571,
                "recall": 0.9839149226007453,
                "f1-score": 0.9848313614739658,
                "support": 52000
            },
            "weighted avg": {
                "precision": 0.9851579925557331,
                "recall": 0.9850769230769231,
                "f1-score": 0.9850686205018219,
                "support": 52000
            },
            "score": 0.9850769230769231
        },
        "val": {
            "0": {
                "precision": 0.7537796976241901,
                "recall": 0.7949886104783599,
                "f1-score": 0.7738359201773836,
                "support": 439
            },
            "1": {
                "precision": 0.6695652173913044,
                "recall": 0.48125,
                "f1-score": 0.56,
                "support": 160
            },
            "2": {
                "precision": 0.599406528189911,
                "recall": 0.6029850746268657,
                "f1-score": 0.6011904761904763,
                "support": 335
            },
            "3": {
                "precision": 0.5103448275862069,
                "recall": 0.42528735632183906,
                "f1-score": 0.4639498432601881,
                "support": 174
            },
            "4": {
                "precision": 0.6730769230769231,
                "recall": 0.7415254237288136,
                "f1-score": 0.7056451612903226,
                "support": 472
            },
            "accuracy": 0.6658227848101266,
            "macro avg": {
                "precision": 0.641234638773707,
                "recall": 0.6092072930311756,
                "f1-score": 0.6209242801836742,
                "support": 1580
            },
            "weighted avg": {
                "precision": 0.6616033016933899,
                "recall": 0.6658227848101266,
                "f1-score": 0.6610788400873329,
                "support": 1580
            },
            "score": 0.6658227848101266
        },
        "test": {
            "0": {
                "precision": 0.7549549549549549,
                "recall": 0.7645985401459854,
                "f1-score": 0.7597461468721668,
                "support": 548
            },
            "1": {
                "precision": 0.5844155844155844,
                "recall": 0.45,
                "f1-score": 0.5084745762711864,
                "support": 200
            },
            "2": {
                "precision": 0.5561097256857855,
                "recall": 0.530952380952381,
                "f1-score": 0.5432399512789281,
                "support": 420
            },
            "3": {
                "precision": 0.5027932960893855,
                "recall": 0.4147465437788018,
                "f1-score": 0.4545454545454546,
                "support": 217
            },
            "4": {
                "precision": 0.6297376093294461,
                "recall": 0.7322033898305085,
                "f1-score": 0.6771159874608151,
                "support": 590
            },
            "accuracy": 0.6349367088607595,
            "macro avg": {
                "precision": 0.6056022340950313,
                "recall": 0.5785001709415353,
                "f1-score": 0.5886244232857102,
                "support": 1975
            },
            "weighted avg": {
                "precision": 0.6302865072112568,
                "recall": 0.6349367088607595,
                "f1-score": 0.6300412048180147,
                "support": 1975
            },
            "score": 0.6349367088607595
        }
    }
}
