{
    "eval_type": "synthetic",
    "dataset": "data/wilt/",
    "metrics": {
        "train": {
            "0": {
                "precision": 0.9994028068080024,
                "recall": 0.9997013142174432,
                "f1-score": 0.9995520382260714,
                "support": 23436
            },
            "1": {
                "precision": 0.9948415622697127,
                "recall": 0.9897360703812317,
                "f1-score": 0.9922822491730982,
                "support": 1364
            },
            "accuracy": 0.9991532258064516,
            "macro avg": {
                "precision": 0.9971221845388576,
                "recall": 0.9947186922993374,
                "f1-score": 0.9959171436995848,
                "support": 24800
            },
            "weighted avg": {
                "precision": 0.9991519383583964,
                "recall": 0.9991532258064516,
                "f1-score": 0.9991521998281578,
                "support": 24800
            },
            "roc_auc": 0.9999706100447516,
            "score": 0.9991532258064516
        },
        "val": {
            "0": {
                "precision": 0.9972714870395635,
                "recall": 0.9972714870395635,
                "f1-score": 0.9972714870395635,
                "support": 733
            },
            "1": {
                "precision": 0.9523809523809523,
                "recall": 0.9523809523809523,
                "f1-score": 0.9523809523809523,
                "support": 42
            },
            "accuracy": 0.9948387096774194,
            "macro avg": {
                "precision": 0.974826219710258,
                "recall": 0.974826219710258,
                "f1-score": 0.974826219710258,
                "support": 775
            },
            "weighted avg": {
                "precision": 0.9948387096774194,
                "recall": 0.9948387096774194,
                "f1-score": 0.9948387096774194,
                "support": 775
            },
            "roc_auc": 0.9991229779770026,
            "score": 0.9948387096774194
        },
        "test": {
            "0": {
                "precision": 0.9890829694323144,
                "recall": 0.9890829694323144,
                "f1-score": 0.9890829694323144,
                "support": 916
            },
            "1": {
                "precision": 0.8076923076923077,
                "recall": 0.8076923076923077,
                "f1-score": 0.8076923076923077,
                "support": 52
            },
            "accuracy": 0.9793388429752066,
            "macro avg": {
                "precision": 0.8983876385623111,
                "recall": 0.8983876385623111,
                "f1-score": 0.8983876385623111,
                "support": 968
            },
            "weighted avg": {
                "precision": 0.9793388429752066,
                "recall": 0.9793388429752066,
                "f1-score": 0.9793388429752066,
                "support": 968
            },
            "roc_auc": 0.9927989586832381,
            "score": 0.9793388429752066
        }
    }
}
