{
    "eval_type": "synthetic",
    "dataset": "data/churn2/",
    "metrics": {
        "train": {
            "0": {
                "precision": 0.877969637269672,
                "recall": 0.9574118539112852,
                "f1-score": 0.9159714665699432,
                "support": 7913
            },
            "1": {
                "precision": 0.7541940189642596,
                "recall": 0.4954480114997604,
                "f1-score": 0.5980335454019664,
                "support": 2087
            },
            "accuracy": 0.861,
            "macro avg": {
                "precision": 0.8160818281169658,
                "recall": 0.7264299327055228,
                "f1-score": 0.7570025059859549,
                "support": 10000
            },
            "weighted avg": {
                "precision": 0.8521376657293324,
                "recall": 0.861,
                "f1-score": 0.8496178224221865,
                "support": 10000
            },
            "roc_auc": 0.8802581511891024,
            "score": 0.861
        },
        "val": {
            "0": {
                "precision": 0.8703170028818443,
                "recall": 0.9481946624803768,
                "f1-score": 0.9075882794891059,
                "support": 1274
            },
            "1": {
                "precision": 0.6886792452830188,
                "recall": 0.44785276073619634,
                "f1-score": 0.5427509293680297,
                "support": 326
            },
            "accuracy": 0.84625,
            "macro avg": {
                "precision": 0.7794981240824316,
                "recall": 0.6980237116082866,
                "f1-score": 0.7251696044285678,
                "support": 1600
            },
            "weighted avg": {
                "precision": 0.8333083097710836,
                "recall": 0.84625,
                "f1-score": 0.8332526694019365,
                "support": 1600
            },
            "roc_auc": 0.8332434436728915,
            "score": 0.84625
        },
        "test": {
            "0": {
                "precision": 0.8660149511213341,
                "recall": 0.9453860640301318,
                "f1-score": 0.9039615846338536,
                "support": 1593
            },
            "1": {
                "precision": 0.6666666666666666,
                "recall": 0.4275184275184275,
                "f1-score": 0.5209580838323353,
                "support": 407
            },
            "accuracy": 0.84,
            "macro avg": {
                "precision": 0.7663408088940004,
                "recall": 0.6864522457742797,
                "f1-score": 0.7124598342330944,
                "support": 2000
            },
            "weighted avg": {
                "precision": 0.8254475752348093,
                "recall": 0.84,
                "f1-score": 0.8260203722207446,
                "support": 2000
            },
            "roc_auc": 0.8326847648881548,
            "score": 0.84
        }
    }
}
