{
    "eval_type": "synthetic",
    "dataset": "data/bike/",
    "metrics": {
        "train": {
            "rmse": 21.617087284484647,
            "r2": 0.986871261487842,
            "score": -21.617087284484647
        },
        "val": {
            "rmse": 40.07952938853859,
            "r2": 0.9507263451941791,
            "score": -40.07952938853859
        },
        "test": {
            "rmse": 39.30643488934365,
            "r2": 0.9512087240145388,
            "score": -39.30643488934365
        }
    }
}
