{
    "lr": 0.3538417156620561,
    "steps": 0.2510665007657742,
    "n_layers": 0.19918037515116144,
    "num_samples": 0.06240965066241209,
    "d_first": 0.05797610702198507,
    "batch_size": 0.04948034069371082,
    "d_last": 0.01399450771113188,
    "num_timesteps": 0.012050802331768373
}
