{
    "eval_type": "synthetic",
    "dataset": "data/bike/",
    "metrics": {
        "train": {
            "rmse": 18.526782835005022,
            "r2": 0.9896634072478385,
            "score": -18.526782835005022
        },
        "val": {
            "rmse": 39.22220969404993,
            "r2": 0.9528117725291726,
            "score": -39.22220969404993
        },
        "test": {
            "rmse": 38.796783121390646,
            "r2": 0.9524657878410289,
            "score": -38.796783121390646
        }
    }
}
