{
    "eval_type": "synthetic",
    "dataset": "data/gesture/",
    "metrics": {
        "train": {
            "0": {
                "precision": 0.9338723460198515,
                "recall": 0.9820959491220793,
                "f1-score": 0.9573772701236565,
                "support": 14466
            },
            "1": {
                "precision": 0.9487079091620987,
                "recall": 0.9287083173629743,
                "f1-score": 0.9386015882239007,
                "support": 5218
            },
            "2": {
                "precision": 0.9603716344330678,
                "recall": 0.9183210950956395,
                "f1-score": 0.9388757588396126,
                "support": 11031
            },
            "3": {
                "precision": 0.9627659574468085,
                "recall": 0.9486373165618449,
                "f1-score": 0.955649419218585,
                "support": 5724
            },
            "4": {
                "precision": 0.9584920276289458,
                "recall": 0.9541803226013752,
                "f1-score": 0.9563313152131908,
                "support": 15561
            },
            "accuracy": 0.951173076923077,
            "macro avg": {
                "precision": 0.9528419749381545,
                "recall": 0.9463886001487827,
                "f1-score": 0.9493670703237891,
                "support": 52000
            },
            "weighted avg": {
                "precision": 0.9515304136408024,
                "recall": 0.951173076923077,
                "f1-score": 0.9510651931607795,
                "support": 52000
            },
            "score": 0.951173076923077
        },
        "val": {
            "0": {
                "precision": 0.7478260869565218,
                "recall": 0.7835990888382688,
                "f1-score": 0.7652947719688543,
                "support": 439
            },
            "1": {
                "precision": 0.6666666666666666,
                "recall": 0.525,
                "f1-score": 0.5874125874125874,
                "support": 160
            },
            "2": {
                "precision": 0.6056782334384858,
                "recall": 0.573134328358209,
                "f1-score": 0.588957055214724,
                "support": 335
            },
            "3": {
                "precision": 0.5378787878787878,
                "recall": 0.40804597701149425,
                "f1-score": 0.4640522875816993,
                "support": 174
            },
            "4": {
                "precision": 0.6422018348623854,
                "recall": 0.7415254237288136,
                "f1-score": 0.688298918387414,
                "support": 472
            },
            "accuracy": 0.6588607594936708,
            "macro avg": {
                "precision": 0.6400503219605695,
                "recall": 0.6062609635873571,
                "f1-score": 0.6188031241130558,
                "support": 1580
            },
            "weighted avg": {
                "precision": 0.6547941153091312,
                "recall": 0.6588607594936708,
                "f1-score": 0.6537172277818661,
                "support": 1580
            },
            "score": 0.6588607594936708
        },
        "test": {
            "0": {
                "precision": 0.7523277467411545,
                "recall": 0.7372262773722628,
                "f1-score": 0.744700460829493,
                "support": 548
            },
            "1": {
                "precision": 0.5875,
                "recall": 0.47,
                "f1-score": 0.5222222222222221,
                "support": 200
            },
            "2": {
                "precision": 0.5526992287917738,
                "recall": 0.5119047619047619,
                "f1-score": 0.5315203955500618,
                "support": 420
            },
            "3": {
                "precision": 0.503030303030303,
                "recall": 0.3824884792626728,
                "f1-score": 0.4345549738219896,
                "support": 217
            },
            "4": {
                "precision": 0.6160220994475138,
                "recall": 0.7559322033898305,
                "f1-score": 0.6788432267884323,
                "support": 590
            },
            "accuracy": 0.6288607594936709,
            "macro avg": {
                "precision": 0.602315875602149,
                "recall": 0.5715103443859056,
                "f1-score": 0.5823682558424398,
                "support": 1975
            },
            "weighted avg": {
                "precision": 0.6250733649307881,
                "recall": 0.6288607594936709,
                "f1-score": 0.6230859727770022,
                "support": 1975
            },
            "score": 0.6288607594936709
        }
    }
}
