{
    "eval_type": "synthetic",
    "dataset": "data/gesture/",
    "metrics": {
        "train": {
            "0": {
                "precision": 0.961019792016102,
                "recall": 0.9901838794414489,
                "f1-score": 0.9753838820605358,
                "support": 14466
            },
            "1": {
                "precision": 0.9758754863813229,
                "recall": 0.9612878497508623,
                "f1-score": 0.9685267426144044,
                "support": 5218
            },
            "2": {
                "precision": 0.983571361896761,
                "recall": 0.9552171154020488,
                "f1-score": 0.969186902133922,
                "support": 11031
            },
            "3": {
                "precision": 0.9795383001049318,
                "recall": 0.9785115303983228,
                "f1-score": 0.979024646040902,
                "support": 5724
            },
            "4": {
                "precision": 0.9797088379283689,
                "recall": 0.9773793458003984,
                "f1-score": 0.9785427054849605,
                "support": 15561
            },
            "accuracy": 0.97475,
            "macro avg": {
                "precision": 0.9759427556654974,
                "recall": 0.9725159441586161,
                "f1-score": 0.9741329756669449,
                "support": 52000
            },
            "weighted avg": {
                "precision": 0.9749256297909581,
                "recall": 0.97475,
                "f1-score": 0.9747272425438185,
                "support": 52000
            },
            "score": 0.97475
        },
        "val": {
            "0": {
                "precision": 0.7532188841201717,
                "recall": 0.7995444191343963,
                "f1-score": 0.7756906077348067,
                "support": 439
            },
            "1": {
                "precision": 0.6333333333333333,
                "recall": 0.475,
                "f1-score": 0.5428571428571427,
                "support": 160
            },
            "2": {
                "precision": 0.5923566878980892,
                "recall": 0.5552238805970149,
                "f1-score": 0.5731895223420647,
                "support": 335
            },
            "3": {
                "precision": 0.5426356589147286,
                "recall": 0.40229885057471265,
                "f1-score": 0.46204620462046203,
                "support": 174
            },
            "4": {
                "precision": 0.6406533575317604,
                "recall": 0.7478813559322034,
                "f1-score": 0.6901270772238515,
                "support": 472
            },
            "accuracy": 0.6556962025316456,
            "macro avg": {
                "precision": 0.6324395843596167,
                "recall": 0.5959897012476654,
                "f1-score": 0.6087821109556655,
                "support": 1580
            },
            "weighted avg": {
                "precision": 0.6501537362747483,
                "recall": 0.6556962025316456,
                "f1-score": 0.6490758415765399,
                "support": 1580
            },
            "score": 0.6556962025316456
        },
        "test": {
            "0": {
                "precision": 0.7539823008849558,
                "recall": 0.7773722627737226,
                "f1-score": 0.7654986522911053,
                "support": 548
            },
            "1": {
                "precision": 0.6433566433566433,
                "recall": 0.46,
                "f1-score": 0.5364431486880467,
                "support": 200
            },
            "2": {
                "precision": 0.5607235142118863,
                "recall": 0.5166666666666667,
                "f1-score": 0.5377942998760843,
                "support": 420
            },
            "3": {
                "precision": 0.4666666666666667,
                "recall": 0.3225806451612903,
                "f1-score": 0.38147138964577654,
                "support": 217
            },
            "4": {
                "precision": 0.6068493150684932,
                "recall": 0.7508474576271187,
                "f1-score": 0.6712121212121213,
                "support": 590
            },
            "accuracy": 0.6318987341772152,
            "macro avg": {
                "precision": 0.6063156880377291,
                "recall": 0.5654934064457597,
                "f1-score": 0.5784839223426268,
                "support": 1975
            },
            "weighted avg": {
                "precision": 0.626159629408787,
                "recall": 0.6318987341772152,
                "f1-score": 0.6235189570680382,
                "support": 1975
            },
            "score": 0.6318987341772152
        }
    }
}
