{
    "eval_type": "synthetic",
    "dataset": "data/gesture/",
    "metrics": {
        "train": {
            "0": {
                "precision": 0.9821392051264571,
                "recall": 0.9959214710355316,
                "f1-score": 0.9889823236656942,
                "support": 14466
            },
            "1": {
                "precision": 0.9891850135187331,
                "recall": 0.9816021464162514,
                "f1-score": 0.9853789919199692,
                "support": 5218
            },
            "2": {
                "precision": 0.9938407795550652,
                "recall": 0.9800562052397788,
                "f1-score": 0.986900360582409,
                "support": 11031
            },
            "3": {
                "precision": 0.9911072362685266,
                "recall": 0.9930118798043326,
                "f1-score": 0.9920586438607208,
                "support": 5724
            },
            "4": {
                "precision": 0.9916988416988417,
                "recall": 0.9903605166763062,
                "f1-score": 0.9910292273560337,
                "support": 15561
            },
            "accuracy": 0.9891346153846153,
            "macro avg": {
                "precision": 0.9895942152335249,
                "recall": 0.9881904438344401,
                "f1-score": 0.9888699094769654,
                "support": 52000
            },
            "weighted avg": {
                "precision": 0.9891764284086292,
                "recall": 0.9891346153846153,
                "f1-score": 0.9891302545368632,
                "support": 52000
            },
            "score": 0.9891346153846153
        },
        "val": {
            "0": {
                "precision": 0.7602591792656588,
                "recall": 0.8018223234624146,
                "f1-score": 0.7804878048780488,
                "support": 439
            },
            "1": {
                "precision": 0.6557377049180327,
                "recall": 0.5,
                "f1-score": 0.5673758865248227,
                "support": 160
            },
            "2": {
                "precision": 0.6206896551724138,
                "recall": 0.591044776119403,
                "f1-score": 0.6055045871559633,
                "support": 335
            },
            "3": {
                "precision": 0.5220588235294118,
                "recall": 0.40804597701149425,
                "f1-score": 0.45806451612903226,
                "support": 174
            },
            "4": {
                "precision": 0.6555555555555556,
                "recall": 0.75,
                "f1-score": 0.699604743083004,
                "support": 472
            },
            "accuracy": 0.6677215189873418,
            "macro avg": {
                "precision": 0.6428601836882144,
                "recall": 0.6101826153186625,
                "f1-score": 0.6222075075541742,
                "support": 1580
            },
            "weighted avg": {
                "precision": 0.6625717116984859,
                "recall": 0.6677215189873418,
                "f1-score": 0.6621360692558939,
                "support": 1580
            },
            "score": 0.6677215189873418
        },
        "test": {
            "0": {
                "precision": 0.7460869565217392,
                "recall": 0.7828467153284672,
                "f1-score": 0.7640249332146036,
                "support": 548
            },
            "1": {
                "precision": 0.625,
                "recall": 0.475,
                "f1-score": 0.5397727272727272,
                "support": 200
            },
            "2": {
                "precision": 0.5636363636363636,
                "recall": 0.5166666666666667,
                "f1-score": 0.5391304347826087,
                "support": 420
            },
            "3": {
                "precision": 0.5159235668789809,
                "recall": 0.37327188940092165,
                "f1-score": 0.43315508021390375,
                "support": 217
            },
            "4": {
                "precision": 0.6317280453257791,
                "recall": 0.7559322033898305,
                "f1-score": 0.6882716049382717,
                "support": 590
            },
            "accuracy": 0.6420253164556962,
            "macro avg": {
                "precision": 0.6164749864725725,
                "recall": 0.5807434949571773,
                "f1-score": 0.592870956084423,
                "support": 1975
            },
            "weighted avg": {
                "precision": 0.6355736129904478,
                "recall": 0.6420253164556962,
                "f1-score": 0.6345062738151095,
                "support": 1975
            },
            "score": 0.6420253164556962
        }
    }
}
