{
    "pretrain_steps": 0.48941868209974293,
    "nndr": 0.25406224499613245,
    "privacy_discount": 0.17127634704579647,
    "dcr": 0.06086272768794336,
    "gower": 0.018211503171368045,
    "steps_per_round": 0.006168494999016812
}
