{
    "eval_type": "synthetic",
    "dataset": "data/california/",
    "metrics": {
        "train": {
            "rmse": 0.32852868276092595,
            "r2": 0.9213311191177691,
            "score": -0.32852868276092595
        },
        "val": {
            "rmse": 0.4768655379585004,
            "r2": 0.8255955176538932,
            "score": -0.4768655379585004
        },
        "test": {
            "rmse": 0.4745614298680958,
            "r2": 0.8272880966243912,
            "score": -0.4745614298680958
        }
    }
}
