{
    "steps_per_round": 0.5181627562530375,
    "nndr": 0.1973141000187133,
    "privacy_discount": 0.10140095123273725,
    "pretrain_steps": 0.07580775391779503,
    "gower": 0.07269448889480236,
    "dcr": 0.034619949682914514
}
