{
    "steps_per_round": 0.4241238498674841,
    "nndr": 0.23062932216300078,
    "privacy_discount": 0.1137530988984467,
    "gower": 0.09772970574491166,
    "dcr": 0.07114628504020068,
    "pretrain_steps": 0.0626177382859561
}
