{
    "eval_type": "synthetic",
    "dataset": "data/wilt/",
    "metrics": {
        "train": {
            "0": {
                "precision": 0.9948234894772573,
                "recall": 0.9988071909346511,
                "f1-score": 0.9968113600612218,
                "support": 23474
            },
            "1": {
                "precision": 0.9772727272727273,
                "recall": 0.9079939668174962,
                "f1-score": 0.941360437842064,
                "support": 1326
            },
            "accuracy": 0.9939516129032258,
            "macro avg": {
                "precision": 0.9860481083749923,
                "recall": 0.9534005788760737,
                "f1-score": 0.9690858989516429,
                "support": 24800
            },
            "weighted avg": {
                "precision": 0.9938850898529344,
                "recall": 0.9939516129032258,
                "f1-score": 0.9938465244619233,
                "support": 24800
            },
            "roc_auc": 0.9985076554002624,
            "score": 0.9939516129032258
        },
        "val": {
            "0": {
                "precision": 0.997275204359673,
                "recall": 0.9986357435197817,
                "f1-score": 0.9979550102249488,
                "support": 733
            },
            "1": {
                "precision": 0.975609756097561,
                "recall": 0.9523809523809523,
                "f1-score": 0.963855421686747,
                "support": 42
            },
            "accuracy": 0.9961290322580645,
            "macro avg": {
                "precision": 0.9864424802286169,
                "recall": 0.975508347950367,
                "f1-score": 0.9809052159558479,
                "support": 775
            },
            "weighted avg": {
                "precision": 0.9961010768409522,
                "recall": 0.9961290322580645,
                "f1-score": 0.9961070325235236,
                "support": 775
            },
            "roc_auc": 0.9997401416228155,
            "score": 0.9961290322580645
        },
        "test": {
            "0": {
                "precision": 0.9869565217391304,
                "recall": 0.9912663755458515,
                "f1-score": 0.989106753812636,
                "support": 916
            },
            "1": {
                "precision": 0.8333333333333334,
                "recall": 0.7692307692307693,
                "f1-score": 0.8,
                "support": 52
            },
            "accuracy": 0.9793388429752066,
            "macro avg": {
                "precision": 0.9101449275362319,
                "recall": 0.8802485723883104,
                "f1-score": 0.8945533769063181,
                "support": 968
            },
            "weighted avg": {
                "precision": 0.9787040364115464,
                "recall": 0.9793388429752066,
                "f1-score": 0.9789481265417094,
                "support": 968
            },
            "roc_auc": 0.992693987235472,
            "score": 0.9793388429752066
        }
    }
}
