{
    "privacy_discount": 0.9893988595344283,
    "steps_per_round": 0.007614939858607949,
    "pretrain_steps": 0.0014790158465202432,
    "gower": 0.0008615008152241786,
    "dcr": 0.0006144712520354599,
    "nndr": 3.121269318389834e-05
}
