{
    "eval_type": "synthetic",
    "dataset": "data/california/",
    "metrics": {
        "train": {
            "rmse": 0.8075953915225028,
            "r2": 0.6818636847486742,
            "score": -0.8075953915225028
        },
        "val": {
            "rmse": 0.5707937402122946,
            "r2": 0.7501242086192131,
            "score": -0.5707937402122946
        },
        "test": {
            "rmse": 0.5828520244294589,
            "r2": 0.7394722672139219,
            "score": -0.5828520244294589
        }
    }
}
