{
    "privacy_discount": 0.5057269828861315,
    "dcr": 0.3891121085578994,
    "pretrain_steps": 0.05588087307229768,
    "gower": 0.02915156367619217,
    "nndr": 0.01018390541592166,
    "steps_per_round": 0.009944566391557457
}
