{
    "privacy_discount": 0.3310853007115117,
    "dcr": 0.3025371488870785,
    "steps_per_round": 0.15881362840481272,
    "pretrain_steps": 0.12740885841816527,
    "nndr": 0.0561402774572643,
    "gower": 0.024014786121167427
}
