{
    "eval_type": "synthetic",
    "dataset": "data/insurance/",
    "metrics": {
        "train": {
            "rmse": 3631.240704023211,
            "r2": 0.9097306242570816,
            "score": -3631.240704023211
        },
        "val": {
            "rmse": 4759.53457674794,
            "r2": 0.8314137610143463,
            "score": -4759.53457674794
        },
        "test": {
            "rmse": 4774.670398817922,
            "r2": 0.8121368215468779,
            "score": -4774.670398817922
        }
    }
}
