{
    "eval_type": "synthetic",
    "dataset": "data/insurance/",
    "metrics": {
        "train": {
            "rmse": 4000.9003958540784,
            "r2": 0.8953754277583528,
            "score": -4000.9003958540784
        },
        "val": {
            "rmse": 4766.894667718221,
            "r2": 0.8308919581268431,
            "score": -4766.894667718221
        },
        "test": {
            "rmse": 4779.019272260334,
            "r2": 0.8117944459745875,
            "score": -4779.019272260334
        }
    }
}
