{
    "eval_type": "synthetic",
    "dataset": "data/insurance/",
    "metrics": {
        "train": {
            "rmse": 4214.148461023383,
            "r2": 0.9286169027563296,
            "score": -4214.148461023383
        },
        "val": {
            "rmse": 4976.318860048659,
            "r2": 0.8157066985800839,
            "score": -4976.318860048659
        },
        "test": {
            "rmse": 4916.928650618881,
            "r2": 0.8007755280860893,
            "score": -4916.928650618881
        }
    }
}
