{
    "eval_type": "synthetic",
    "dataset": "data/churn2/",
    "metrics": {
        "train": {
            "0": {
                "precision": 0.8795226495630992,
                "recall": 0.9505591382266986,
                "f1-score": 0.9136622170632619,
                "support": 41403
            },
            "1": {
                "precision": 0.7177719564318213,
                "recall": 0.4912711144663584,
                "f1-score": 0.5833053221288517,
                "support": 10597
            },
            "accuracy": 0.8569615384615384,
            "macro avg": {
                "precision": 0.7986473029974603,
                "recall": 0.7209151263465285,
                "f1-score": 0.7484837695960568,
                "support": 52000
            },
            "weighted avg": {
                "precision": 0.8465597246570963,
                "recall": 0.8569615384615384,
                "f1-score": 0.8463392936859553,
                "support": 52000
            },
            "roc_auc": 0.8742673005354461,
            "score": 0.8569615384615384
        },
        "val": {
            "0": {
                "precision": 0.8809523809523809,
                "recall": 0.9583987441130298,
                "f1-score": 0.918045112781955,
                "support": 1274
            },
            "1": {
                "precision": 0.7523364485981309,
                "recall": 0.4938650306748466,
                "f1-score": 0.5962962962962963,
                "support": 326
            },
            "accuracy": 0.86375,
            "macro avg": {
                "precision": 0.8166444147752558,
                "recall": 0.7261318873939382,
                "f1-score": 0.7571707045391256,
                "support": 1600
            },
            "weighted avg": {
                "precision": 0.8547468847352024,
                "recall": 0.86375,
                "f1-score": 0.8524887914230019,
                "support": 1600
            },
            "roc_auc": 0.8547495449335939,
            "score": 0.86375
        },
        "test": {
            "0": {
                "precision": 0.8737808376362594,
                "recall": 0.9560577526679221,
                "f1-score": 0.9130695443645084,
                "support": 1593
            },
            "1": {
                "precision": 0.7276264591439688,
                "recall": 0.4594594594594595,
                "f1-score": 0.5632530120481927,
                "support": 407
            },
            "accuracy": 0.855,
            "macro avg": {
                "precision": 0.8007036483901141,
                "recall": 0.7077586060636908,
                "f1-score": 0.7381612782063505,
                "support": 2000
            },
            "weighted avg": {
                "precision": 0.8440384216130782,
                "recall": 0.855,
                "f1-score": 0.8418818800381382,
                "support": 2000
            },
            "roc_auc": 0.8505948166965116,
            "score": 0.855
        }
    }
}
