{
    "eval_type": "synthetic",
    "dataset": "data/gesture/",
    "metrics": {
        "train": {
            "0": {
                "precision": 0.9956617545792591,
                "recall": 0.9995161067330292,
                "f1-score": 0.9975852076721402,
                "support": 14466
            },
            "1": {
                "precision": 0.9976971790443293,
                "recall": 0.9963587581448831,
                "f1-score": 0.9970275194170103,
                "support": 5218
            },
            "2": {
                "precision": 0.9989997271983269,
                "recall": 0.9959205874354093,
                "f1-score": 0.9974577810059925,
                "support": 11031
            },
            "3": {
                "precision": 0.9991266375545852,
                "recall": 0.9993011879804332,
                "f1-score": 0.999213905144554,
                "support": 5724
            },
            "4": {
                "precision": 0.9989064007719524,
                "recall": 0.9978793136687873,
                "f1-score": 0.9983925930688613,
                "support": 15561
            },
            "accuracy": 0.9979230769230769,
            "macro avg": {
                "precision": 0.9980783398296905,
                "recall": 0.9977951907925083,
                "f1-score": 0.9979354012617117,
                "support": 52000
            },
            "weighted avg": {
                "precision": 0.9979264651633926,
                "recall": 0.9979230769230769,
                "f1-score": 0.997923106280235,
                "support": 52000
            },
            "score": 0.9979230769230769
        },
        "val": {
            "0": {
                "precision": 0.7532188841201717,
                "recall": 0.7995444191343963,
                "f1-score": 0.7756906077348067,
                "support": 439
            },
            "1": {
                "precision": 0.6752136752136753,
                "recall": 0.49375,
                "f1-score": 0.5703971119133574,
                "support": 160
            },
            "2": {
                "precision": 0.6180124223602484,
                "recall": 0.5940298507462687,
                "f1-score": 0.6057838660578386,
                "support": 335
            },
            "3": {
                "precision": 0.5524475524475524,
                "recall": 0.4540229885057471,
                "f1-score": 0.498422712933754,
                "support": 174
            },
            "4": {
                "precision": 0.6522556390977443,
                "recall": 0.7351694915254238,
                "f1-score": 0.6912350597609561,
                "support": 472
            },
            "accuracy": 0.6677215189873418,
            "macro avg": {
                "precision": 0.6502296346478784,
                "recall": 0.6153033499823672,
                "f1-score": 0.6283058716801425,
                "support": 1580
            },
            "weighted avg": {
                "precision": 0.6643809971098963,
                "recall": 0.6677215189873418,
                "f1-score": 0.6631125380308466,
                "support": 1580
            },
            "score": 0.6677215189873418
        },
        "test": {
            "0": {
                "precision": 0.7576301615798923,
                "recall": 0.7700729927007299,
                "f1-score": 0.7638009049773755,
                "support": 548
            },
            "1": {
                "precision": 0.6097560975609756,
                "recall": 0.5,
                "f1-score": 0.5494505494505494,
                "support": 200
            },
            "2": {
                "precision": 0.5679012345679012,
                "recall": 0.5476190476190477,
                "f1-score": 0.5575757575757575,
                "support": 420
            },
            "3": {
                "precision": 0.4691358024691358,
                "recall": 0.35023041474654376,
                "f1-score": 0.4010554089709763,
                "support": 217
            },
            "4": {
                "precision": 0.6317321688500728,
                "recall": 0.735593220338983,
                "f1-score": 0.6797180892717306,
                "support": 590
            },
            "accuracy": 0.6389873417721519,
            "macro avg": {
                "precision": 0.6072310930055955,
                "recall": 0.580703135081061,
                "f1-score": 0.5903201420492779,
                "support": 1975
            },
            "weighted avg": {
                "precision": 0.6330002609285266,
                "recall": 0.6389873417721519,
                "f1-score": 0.6332645672995203,
                "support": 1975
            },
            "score": 0.6389873417721519
        }
    }
}
