{
    "eval_type": "synthetic",
    "dataset": "data/gesture/",
    "metrics": {
        "train": {
            "0": {
                "precision": 0.9974475717439294,
                "recall": 0.9995161067330292,
                "f1-score": 0.9984807679027691,
                "support": 14466
            },
            "1": {
                "precision": 0.9980824544582934,
                "recall": 0.9975086239938674,
                "f1-score": 0.9977954567238569,
                "support": 5218
            },
            "2": {
                "precision": 0.9992737176577394,
                "recall": 0.997824313298885,
                "f1-score": 0.9985484895219088,
                "support": 11031
            },
            "3": {
                "precision": 0.9998252969951084,
                "recall": 0.9998252969951084,
                "f1-score": 0.9998252969951084,
                "support": 5724
            },
            "4": {
                "precision": 0.9994855305466238,
                "recall": 0.9987789987789988,
                "f1-score": 0.9991321397576419,
                "support": 15561
            },
            "accuracy": 0.9987692307692307,
            "macro avg": {
                "precision": 0.9988229142803389,
                "recall": 0.9986906679599776,
                "f1-score": 0.9987564301802572,
                "support": 52000
            },
            "weighted avg": {
                "precision": 0.9987702603947998,
                "recall": 0.9987692307692307,
                "f1-score": 0.9987692903144497,
                "support": 52000
            },
            "score": 0.9987692307692307
        },
        "val": {
            "0": {
                "precision": 0.759493670886076,
                "recall": 0.8200455580865603,
                "f1-score": 0.7886089813800656,
                "support": 439
            },
            "1": {
                "precision": 0.6666666666666666,
                "recall": 0.4625,
                "f1-score": 0.5461254612546126,
                "support": 160
            },
            "2": {
                "precision": 0.63125,
                "recall": 0.6029850746268657,
                "f1-score": 0.6167938931297711,
                "support": 335
            },
            "3": {
                "precision": 0.52,
                "recall": 0.4482758620689655,
                "f1-score": 0.48148148148148145,
                "support": 174
            },
            "4": {
                "precision": 0.660952380952381,
                "recall": 0.7351694915254238,
                "f1-score": 0.6960882647943832,
                "support": 472
            },
            "accuracy": 0.6715189873417722,
            "macro avg": {
                "precision": 0.6476725437010247,
                "recall": 0.6137951972615631,
                "f1-score": 0.6258196164080628,
                "support": 1580
            },
            "weighted avg": {
                "precision": 0.6670902924020112,
                "recall": 0.6715189873417722,
                "f1-score": 0.6661625377125233,
                "support": 1580
            },
            "score": 0.6715189873417722
        },
        "test": {
            "0": {
                "precision": 0.743859649122807,
                "recall": 0.7737226277372263,
                "f1-score": 0.7584973166368516,
                "support": 548
            },
            "1": {
                "precision": 0.6308724832214765,
                "recall": 0.47,
                "f1-score": 0.5386819484240688,
                "support": 200
            },
            "2": {
                "precision": 0.5607940446650124,
                "recall": 0.5380952380952381,
                "f1-score": 0.5492102065613608,
                "support": 420
            },
            "3": {
                "precision": 0.4876543209876543,
                "recall": 0.3640552995391705,
                "f1-score": 0.41688654353562005,
                "support": 217
            },
            "4": {
                "precision": 0.6266280752532561,
                "recall": 0.7338983050847457,
                "f1-score": 0.6760343481654957,
                "support": 590
            },
            "accuracy": 0.6359493670886076,
            "macro avg": {
                "precision": 0.6099617146500413,
                "recall": 0.5759542940912761,
                "f1-score": 0.5878620726646793,
                "support": 1975
            },
            "weighted avg": {
                "precision": 0.6303162709755143,
                "recall": 0.6359493670886076,
                "f1-score": 0.6295624563657984,
                "support": 1975
            },
            "score": 0.6359493670886076
        }
    }
}
