{
    "eval_type": "synthetic",
    "dataset": "data/gesture/",
    "metrics": {
        "train": {
            "0": {
                "precision": 0.9976543635736461,
                "recall": 0.9996543619521637,
                "f1-score": 0.9986533614170781,
                "support": 14466
            },
            "1": {
                "precision": 0.9986572031459812,
                "recall": 0.9977002683020314,
                "f1-score": 0.9981785063752276,
                "support": 5218
            },
            "2": {
                "precision": 0.9991833030852995,
                "recall": 0.9981869277490708,
                "f1-score": 0.9986848668994602,
                "support": 11031
            },
            "3": {
                "precision": 0.999301554042256,
                "recall": 0.9998252969951084,
                "f1-score": 0.9995633569120601,
                "support": 5724
            },
            "4": {
                "precision": 0.9995496944355098,
                "recall": 0.9985219458903669,
                "f1-score": 0.9990355558413168,
                "support": 15561
            },
            "accuracy": 0.9988269230769231,
            "macro avg": {
                "precision": 0.9988692236565384,
                "recall": 0.9987777601777482,
                "f1-score": 0.9988231294890285,
                "support": 52000
            },
            "weighted avg": {
                "precision": 0.9988278310818247,
                "recall": 0.9988269230769231,
                "f1-score": 0.9988269361289366,
                "support": 52000
            },
            "score": 0.9988269230769231
        },
        "val": {
            "0": {
                "precision": 0.7463617463617463,
                "recall": 0.8177676537585421,
                "f1-score": 0.7804347826086957,
                "support": 439
            },
            "1": {
                "precision": 0.6696428571428571,
                "recall": 0.46875,
                "f1-score": 0.551470588235294,
                "support": 160
            },
            "2": {
                "precision": 0.620253164556962,
                "recall": 0.5850746268656717,
                "f1-score": 0.6021505376344086,
                "support": 335
            },
            "3": {
                "precision": 0.5447761194029851,
                "recall": 0.41954022988505746,
                "f1-score": 0.474025974025974,
                "support": 174
            },
            "4": {
                "precision": 0.6424581005586593,
                "recall": 0.7309322033898306,
                "f1-score": 0.6838453914767096,
                "support": 472
            },
            "accuracy": 0.6632911392405063,
            "macro avg": {
                "precision": 0.6446983976046419,
                "recall": 0.6044129427798204,
                "f1-score": 0.6183854547962163,
                "support": 1580
            },
            "weighted avg": {
                "precision": 0.6586150266848435,
                "recall": 0.6632911392405063,
                "f1-score": 0.6568494544607074,
                "support": 1580
            },
            "score": 0.6632911392405063
        },
        "test": {
            "0": {
                "precision": 0.7457044673539519,
                "recall": 0.791970802919708,
                "f1-score": 0.7681415929203539,
                "support": 548
            },
            "1": {
                "precision": 0.6153846153846154,
                "recall": 0.44,
                "f1-score": 0.5131195335276968,
                "support": 200
            },
            "2": {
                "precision": 0.5382716049382716,
                "recall": 0.5190476190476191,
                "f1-score": 0.5284848484848484,
                "support": 420
            },
            "3": {
                "precision": 0.49032258064516127,
                "recall": 0.35023041474654376,
                "f1-score": 0.4086021505376344,
                "support": 217
            },
            "4": {
                "precision": 0.6246376811594203,
                "recall": 0.7305084745762712,
                "f1-score": 0.6734375,
                "support": 590
            },
            "accuracy": 0.6313924050632911,
            "macro avg": {
                "precision": 0.6028641898962841,
                "recall": 0.5663514622580283,
                "f1-score": 0.5783571250941067,
                "support": 1975
            },
            "weighted avg": {
                "precision": 0.6241687479215294,
                "recall": 0.6313924050632911,
                "f1-score": 0.6235564190664283,
                "support": 1975
            },
            "score": 0.6313924050632911
        }
    }
}
