{
    "privacy_discount": 0.37578699188076603,
    "pretrain_steps": 0.2562193314344986,
    "dcr": 0.17400495145582054,
    "steps_per_round": 0.0999522656848666,
    "nndr": 0.0597787213403397,
    "gower": 0.034257738203708615
}
