{
    "eval_type": "synthetic",
    "dataset": "data/churn2/",
    "metrics": {
        "train": {
            "0": {
                "precision": 0.859963890769578,
                "recall": 0.9630986983444964,
                "f1-score": 0.9086140089418777,
                "support": 7913
            },
            "1": {
                "precision": 0.7434094903339191,
                "recall": 0.40536655486344036,
                "f1-score": 0.5246511627906977,
                "support": 2087
            },
            "accuracy": 0.8467,
            "macro avg": {
                "precision": 0.8016866905517486,
                "recall": 0.6842326266039683,
                "f1-score": 0.7166325858662876,
                "support": 10000
            },
            "weighted avg": {
                "precision": 0.8356389873986559,
                "recall": 0.8467,
                "f1-score": 0.8284809629501265,
                "support": 10000
            },
            "roc_auc": 0.8577677910913187,
            "score": 0.8467
        },
        "val": {
            "0": {
                "precision": 0.8612303290414879,
                "recall": 0.945054945054945,
                "f1-score": 0.9011976047904191,
                "support": 1274
            },
            "1": {
                "precision": 0.6534653465346535,
                "recall": 0.4049079754601227,
                "f1-score": 0.5,
                "support": 326
            },
            "accuracy": 0.835,
            "macro avg": {
                "precision": 0.7573478377880707,
                "recall": 0.6749814602575339,
                "f1-score": 0.7005988023952096,
                "support": 1600
            },
            "weighted avg": {
                "precision": 0.8188982138557204,
                "recall": 0.835,
                "f1-score": 0.8194535928143712,
                "support": 1600
            },
            "roc_auc": 0.8110101992661152,
            "score": 0.835
        },
        "test": {
            "0": {
                "precision": 0.8517045454545454,
                "recall": 0.9409918392969241,
                "f1-score": 0.8941246644795705,
                "support": 1593
            },
            "1": {
                "precision": 0.6083333333333333,
                "recall": 0.35872235872235875,
                "f1-score": 0.4513137557959815,
                "support": 407
            },
            "accuracy": 0.8225,
            "macro avg": {
                "precision": 0.7300189393939394,
                "recall": 0.6498570990096414,
                "f1-score": 0.672719210137776,
                "support": 2000
            },
            "weighted avg": {
                "precision": 0.8021785037878788,
                "recall": 0.8225,
                "f1-score": 0.8040126445624602,
                "support": 2000
            },
            "roc_auc": 0.8021334123029039,
            "score": 0.8225
        }
    }
}
