{
    "eval_type": "synthetic",
    "dataset": "data/buddy/",
    "metrics": {
        "train": {
            "0": {
                "precision": 0.8544412607449857,
                "recall": 0.9361657597321055,
                "f1-score": 0.8934385299111155,
                "support": 4778
            },
            "1": {
                "precision": 0.9043736100815419,
                "recall": 0.8239531742458353,
                "f1-score": 0.8622923783720109,
                "support": 4442
            },
            "2": {
                "precision": 0.8913649025069638,
                "recall": 0.8205128205128205,
                "f1-score": 0.8544726301735647,
                "support": 780
            },
            "accuracy": 0.8773,
            "macro avg": {
                "precision": 0.8833932577778305,
                "recall": 0.8602105848302536,
                "f1-score": 0.8700678461522303,
                "support": 10000
            },
            "weighted avg": {
                "precision": 0.8795012543777184,
                "recall": 0.8773,
                "f1-score": 0.8765640692179164,
                "support": 10000
            },
            "score": 0.8773
        },
        "val": {
            "0": {
                "precision": 0.9101449275362319,
                "recall": 0.8722222222222222,
                "f1-score": 0.8907801418439716,
                "support": 1440
            },
            "1": {
                "precision": 0.8490974729241877,
                "recall": 0.8795811518324608,
                "f1-score": 0.8640705363703158,
                "support": 1337
            },
            "2": {
                "precision": 0.8514056224899599,
                "recall": 0.8945147679324894,
                "f1-score": 0.8724279835390946,
                "support": 237
            },
            "accuracy": 0.8772395487723955,
            "macro avg": {
                "precision": 0.8702160076501264,
                "recall": 0.8821060473290574,
                "f1-score": 0.8757595539177939,
                "support": 3014
            },
            "weighted avg": {
                "precision": 0.8784456368553196,
                "recall": 0.8772395487723955,
                "f1-score": 0.8774887669147965,
                "support": 3014
            },
            "score": 0.8772395487723955
        },
        "test": {
            "0": {
                "precision": 0.9159318048206937,
                "recall": 0.8655555555555555,
                "f1-score": 0.8900314195944017,
                "support": 1800
            },
            "1": {
                "precision": 0.8459783228750714,
                "recall": 0.8869617224880383,
                "f1-score": 0.865985401459854,
                "support": 1672
            },
            "2": {
                "precision": 0.8466453674121406,
                "recall": 0.8983050847457628,
                "f1-score": 0.8717105263157895,
                "support": 295
            },
            "accuracy": 0.877621449429254,
            "macro avg": {
                "precision": 0.869518498369302,
                "recall": 0.8836074542631188,
                "f1-score": 0.8759091157900151,
                "support": 3767
            },
            "weighted avg": {
                "precision": 0.8794566997374434,
                "recall": 0.877621449429254,
                "f1-score": 0.8779237461571429,
                "support": 3767
            },
            "score": 0.877621449429254
        }
    }
}
