{
    "eval_type": "synthetic",
    "dataset": "data/abalone/",
    "metrics": {
        "train": {
            "rmse": 2.130800638087087,
            "r2": 0.6827072043162141,
            "score": -2.130800638087087
        },
        "val": {
            "rmse": 2.0636348837564626,
            "r2": 0.5636742249299269,
            "score": -2.0636348837564626
        },
        "test": {
            "rmse": 2.0464394495004044,
            "r2": 0.5397374027540021,
            "score": -2.0464394495004044
        }
    }
}
