{
    "eval_type": "synthetic",
    "dataset": "data/abalone/",
    "metrics": {
        "train": {
            "rmse": 2.12335851246464,
            "r2": 0.6893457061029835,
            "score": -2.12335851246464
        },
        "val": {
            "rmse": 2.0528635061367715,
            "r2": 0.5682172417948382,
            "score": -2.0528635061367715
        },
        "test": {
            "rmse": 2.037360560383956,
            "r2": 0.5438121911741703,
            "score": -2.037360560383956
        }
    }
}
