{
    "eval_type": "synthetic",
    "dataset": "data/california/",
    "metrics": {
        "train": {
            "rmse": 0.4147020367938062,
            "r2": 0.8703350654648554,
            "score": -0.4147020367938062
        },
        "val": {
            "rmse": 0.4990856785718855,
            "r2": 0.8089636420558877,
            "score": -0.4990856785718855
        },
        "test": {
            "rmse": 0.5144661211833911,
            "r2": 0.7970210384085042,
            "score": -0.5144661211833911
        }
    }
}
