{
    "pretrain_steps": 0.3294566365812437,
    "privacy_discount": 0.21375705273332998,
    "dcr": 0.1505313594992921,
    "nndr": 0.11949604849315303,
    "gower": 0.10161936519324405,
    "steps_per_round": 0.08513953749973734
}
