{
    "eval_type": "synthetic",
    "dataset": "data/loan/",
    "metrics": {
        "train": {
            "0": {
                "precision": 0.9337590839022242,
                "recall": 0.9463253509496284,
                "f1-score": 0.9400002216877086,
                "support": 44807
            },
            "1": {
                "precision": 0.8027071369975389,
                "recall": 0.764871414054561,
                "f1-score": 0.7833326662130248,
                "support": 12793
            },
            "accuracy": 0.9060243055555556,
            "macro avg": {
                "precision": 0.8682331104498815,
                "recall": 0.8555983825020947,
                "f1-score": 0.8616664439503667,
                "support": 57600
            },
            "weighted avg": {
                "precision": 0.9046523554863971,
                "recall": 0.9060243055555556,
                "f1-score": 0.9052042488198678,
                "support": 57600
            },
            "roc_auc": 0.950729106629484,
            "score": 0.9060243055555556
        },
        "val": {
            "0": {
                "precision": 0.9289374786470789,
                "recall": 0.9702051739518287,
                "f1-score": 0.9491229601186839,
                "support": 5605
            },
            "1": {
                "precision": 0.8759286775631501,
                "recall": 0.7391849529780564,
                "f1-score": 0.8017681060863653,
                "support": 1595
            },
            "accuracy": 0.9190277777777778,
            "macro avg": {
                "precision": 0.9024330781051144,
                "recall": 0.8546950634649426,
                "f1-score": 0.8754455331025246,
                "support": 7200
            },
            "weighted avg": {
                "precision": 0.9171945567402918,
                "recall": 0.9190277777777778,
                "f1-score": 0.9164797667601357,
                "support": 7200
            },
            "roc_auc": 0.9677265316737463,
            "score": 0.9190277777777778
        },
        "test": {
            "0": {
                "precision": 0.9288177679679955,
                "recall": 0.9632331902718169,
                "f1-score": 0.9457124798089753,
                "support": 6990
            },
            "1": {
                "precision": 0.8532267275842376,
                "recall": 0.7432835820895523,
                "f1-score": 0.794469555969157,
                "support": 2010
            },
            "accuracy": 0.9141111111111111,
            "macro avg": {
                "precision": 0.8910222477761165,
                "recall": 0.8532583861806846,
                "f1-score": 0.8700910178890662,
                "support": 9000
            },
            "weighted avg": {
                "precision": 0.9119357689489562,
                "recall": 0.9141111111111111,
                "f1-score": 0.9119348934847492,
                "support": 9000
            },
            "roc_auc": 0.9651084349354798,
            "score": 0.9141111111111111
        }
    }
}
