{
    "eval_type": "synthetic",
    "dataset": "data/bike/",
    "metrics": {
        "train": {
            "rmse": 20.46547847676556,
            "r2": 0.9875510307421936,
            "score": -20.46547847676556
        },
        "val": {
            "rmse": 39.713705384910924,
            "r2": 0.9516217260813993,
            "score": -39.713705384910924
        },
        "test": {
            "rmse": 40.05880923165644,
            "r2": 0.9493229953652702,
            "score": -40.05880923165644
        }
    }
}
