{
    "eval_type": "synthetic",
    "dataset": "data/bike/",
    "metrics": {
        "train": {
            "rmse": 21.50151371544146,
            "r2": 0.9857844136904357,
            "score": -21.50151371544146
        },
        "val": {
            "rmse": 39.389338119082375,
            "r2": 0.9524087714420323,
            "score": -39.389338119082375
        },
        "test": {
            "rmse": 40.299666932273915,
            "r2": 0.9487117619412571,
            "score": -40.299666932273915
        }
    }
}
