{
    "eval_type": "synthetic",
    "dataset": "data/bike/",
    "metrics": {
        "train": {
            "rmse": 20.017047772056223,
            "r2": 0.9880789953205189,
            "score": -20.017047772056223
        },
        "val": {
            "rmse": 40.260017865816344,
            "r2": 0.9502815619576305,
            "score": -40.260017865816344
        },
        "test": {
            "rmse": 39.24848337926067,
            "r2": 0.9513524889601364,
            "score": -39.24848337926067
        }
    }
}
