{
    "eval_type": "synthetic",
    "dataset": "data/bike/",
    "metrics": {
        "train": {
            "rmse": 19.470989092922046,
            "r2": 0.9889448358831812,
            "score": -19.470989092922046
        },
        "val": {
            "rmse": 38.736464449280184,
            "r2": 0.9539733349466967,
            "score": -38.736464449280184
        },
        "test": {
            "rmse": 39.38915895224014,
            "r2": 0.9510031363092203,
            "score": -39.38915895224014
        }
    }
}
