{
    "eval_type": "synthetic",
    "dataset": "data/california/",
    "metrics": {
        "train": {
            "rmse": 1.354870530959288,
            "r2": 0.5320071080369893,
            "score": -1.354870530959288
        },
        "val": {
            "rmse": 0.668291415108793,
            "r2": 0.6574708314720294,
            "score": -0.668291415108793
        },
        "test": {
            "rmse": 0.6862751479651363,
            "r2": 0.6388114370510607,
            "score": -0.6862751479651363
        }
    }
}
