{
    "eval_type": "synthetic",
    "dataset": "data/gesture/",
    "metrics": {
        "train": {
            "0": {
                "precision": 0.3500444642063139,
                "recall": 0.4353656850546108,
                "f1-score": 0.3880707375685502,
                "support": 14466
            },
            "1": {
                "precision": 0.39473684210526316,
                "recall": 0.002874664622460713,
                "f1-score": 0.005707762557077625,
                "support": 5218
            },
            "2": {
                "precision": 0.33056768558951966,
                "recall": 0.13724956939534042,
                "f1-score": 0.19396579335084238,
                "support": 11031
            },
            "3": {
                "precision": 0.0,
                "recall": 0.0,
                "f1-score": 0.0,
                "support": 5724
            },
            "4": {
                "precision": 0.3223545423613474,
                "recall": 0.6088297667245036,
                "f1-score": 0.4215256612756113,
                "support": 15561
            },
            "accuracy": 0.33271153846153845,
            "macro avg": {
                "precision": 0.27954070685248883,
                "recall": 0.23686393715938311,
                "f1-score": 0.2018539909504163,
                "support": 52000
            },
            "weighted avg": {
                "precision": 0.30357944682185994,
                "recall": 0.33271153846153845,
                "f1-score": 0.27581945915870015,
                "support": 52000
            },
            "score": 0.33271153846153845
        },
        "val": {
            "0": {
                "precision": 0.5145833333333333,
                "recall": 0.5626423690205011,
                "f1-score": 0.5375408052230685,
                "support": 439
            },
            "1": {
                "precision": 0.0,
                "recall": 0.0,
                "f1-score": 0.0,
                "support": 160
            },
            "2": {
                "precision": 0.4,
                "recall": 0.05373134328358209,
                "f1-score": 0.09473684210526316,
                "support": 335
            },
            "3": {
                "precision": 0.0,
                "recall": 0.0,
                "f1-score": 0.0,
                "support": 174
            },
            "4": {
                "precision": 0.36113744075829385,
                "recall": 0.8072033898305084,
                "f1-score": 0.49901768172888017,
                "support": 472
            },
            "accuracy": 0.4088607594936709,
            "macro avg": {
                "precision": 0.2551441548183254,
                "recall": 0.28471542042691833,
                "f1-score": 0.22625906581144237,
                "support": 1580
            },
            "weighted avg": {
                "precision": 0.33567022491851134,
                "recall": 0.4088607594936709,
                "f1-score": 0.3185149375786213,
                "support": 1580
            },
            "score": 0.4088607594936709
        },
        "test": {
            "0": {
                "precision": 0.5431034482758621,
                "recall": 0.5748175182481752,
                "f1-score": 0.5585106382978724,
                "support": 548
            },
            "1": {
                "precision": 0.0,
                "recall": 0.0,
                "f1-score": 0.0,
                "support": 200
            },
            "2": {
                "precision": 0.43636363636363634,
                "recall": 0.05714285714285714,
                "f1-score": 0.10105263157894735,
                "support": 420
            },
            "3": {
                "precision": 0.0,
                "recall": 0.0,
                "f1-score": 0.0,
                "support": 217
            },
            "4": {
                "precision": 0.36268656716417913,
                "recall": 0.823728813559322,
                "f1-score": 0.5036269430051814,
                "support": 590
            },
            "accuracy": 0.4177215189873418,
            "macro avg": {
                "precision": 0.2684307303607355,
                "recall": 0.2911378377900709,
                "f1-score": 0.23263804257640022,
                "support": 1975
            },
            "weighted avg": {
                "precision": 0.3518372109138052,
                "recall": 0.4177215189873418,
                "f1-score": 0.3269092817333919,
                "support": 1975
            },
            "score": 0.4177215189873418
        }
    }
}
