{
    "eval_type": "synthetic",
    "dataset": "data/abalone/",
    "metrics": {
        "train": {
            "rmse": 2.0984608630003563,
            "r2": 0.8061574660164891,
            "score": -2.0984608630003563
        },
        "val": {
            "rmse": 2.058752393082291,
            "r2": 0.5657364466616007,
            "score": -2.058752393082291
        },
        "test": {
            "rmse": 2.0264807664288624,
            "r2": 0.5486713970380838,
            "score": -2.0264807664288624
        }
    }
}
