{
    "eval_type": "synthetic",
    "dataset": "data/abalone/",
    "metrics": {
        "train": {
            "rmse": 2.2076624432007756,
            "r2": 0.8026992437161047,
            "score": -2.2076624432007756
        },
        "val": {
            "rmse": 2.077888380761197,
            "r2": 0.5576260174389638,
            "score": -2.077888380761197
        },
        "test": {
            "rmse": 2.072911611036385,
            "r2": 0.5277527323477824,
            "score": -2.072911611036385
        }
    }
}
