{
    "nndr": 0.5495868754019209,
    "gower": 0.18696299087303828,
    "pretrain_steps": 0.10964628126996467,
    "steps_per_round": 0.07723195199499272,
    "privacy_discount": 0.0606416983113939,
    "dcr": 0.01593020214868961
}
