{
    "eval_type": "synthetic",
    "dataset": "data/insurance/",
    "metrics": {
        "train": {
            "rmse": 3705.7596468710562,
            "r2": 0.9034914598489847,
            "score": -3705.7596468710562
        },
        "val": {
            "rmse": 4900.776237389082,
            "r2": 0.8212595294177685,
            "score": -4900.776237389082
        },
        "test": {
            "rmse": 4810.345843130515,
            "r2": 0.8093189764488369,
            "score": -4810.345843130515
        }
    }
}
