{
    "privacy_discount": 0.3888422613281393,
    "nndr": 0.1883624133455876,
    "steps_per_round": 0.1484029953881639,
    "dcr": 0.09833912185038654,
    "pretrain_steps": 0.0892765573547476,
    "gower": 0.0867766507329751
}
