{
    "eval_type": "synthetic",
    "dataset": "data/buddy/",
    "metrics": {
        "train": {
            "0": {
                "precision": 0.901507243956411,
                "recall": 0.9453590192644483,
                "f1-score": 0.922912525913103,
                "support": 22840
            },
            "1": {
                "precision": 0.9261656125900868,
                "recall": 0.8791418466120625,
                "f1-score": 0.902041303569297,
                "support": 21488
            },
            "2": {
                "precision": 0.9348302300109529,
                "recall": 0.9297385620915033,
                "f1-score": 0.9322774440196613,
                "support": 3672
            },
            "accuracy": 0.9145208333333333,
            "macro avg": {
                "precision": 0.9208343621858169,
                "recall": 0.9180798093226713,
                "f1-score": 0.9190770911673537,
                "support": 48000
            },
            "weighted avg": {
                "precision": 0.915095182081259,
                "recall": 0.9145208333333333,
                "f1-score": 0.9142855916123441,
                "support": 48000
            },
            "score": 0.9145208333333333
        },
        "val": {
            "0": {
                "precision": 0.8873426110006627,
                "recall": 0.9298611111111111,
                "f1-score": 0.9081044421837912,
                "support": 1440
            },
            "1": {
                "precision": 0.9060297572435395,
                "recall": 0.8653702318623785,
                "f1-score": 0.8852333588370315,
                "support": 1337
            },
            "2": {
                "precision": 0.956140350877193,
                "recall": 0.919831223628692,
                "f1-score": 0.9376344086021505,
                "support": 237
            },
            "accuracy": 0.900464499004645,
            "macro avg": {
                "precision": 0.9165042397071317,
                "recall": 0.9050208555340605,
                "f1-score": 0.9103240698743243,
                "support": 3014
            },
            "weighted avg": {
                "precision": 0.9010419404225153,
                "recall": 0.900464499004645,
                "f1-score": 0.9002809397307499,
                "support": 3014
            },
            "score": 0.900464499004645
        },
        "test": {
            "0": {
                "precision": 0.8845950238221281,
                "recall": 0.9283333333333333,
                "f1-score": 0.9059365681756573,
                "support": 1800
            },
            "1": {
                "precision": 0.9025157232704403,
                "recall": 0.8582535885167464,
                "f1-score": 0.8798283261802575,
                "support": 1672
            },
            "2": {
                "precision": 0.9340277777777778,
                "recall": 0.911864406779661,
                "f1-score": 0.9228130360205832,
                "support": 295
            },
            "accuracy": 0.8959384125298646,
            "macro avg": {
                "precision": 0.9070461749567821,
                "recall": 0.8994837762099136,
                "f1-score": 0.9028593101254994,
                "support": 3767
            },
            "weighted avg": {
                "precision": 0.896420368099934,
                "recall": 0.8959384125298646,
                "f1-score": 0.8956699309040738,
                "support": 3767
            },
            "score": 0.8959384125298646
        }
    }
}
