{
    "eval_type": "synthetic",
    "dataset": "data/wilt/",
    "metrics": {
        "train": {
            "0": {
                "precision": 0.9896101702073743,
                "recall": 0.9997866530124595,
                "f1-score": 0.9946723834185894,
                "support": 23436
            },
            "1": {
                "precision": 0.9955476402493322,
                "recall": 0.8196480938416423,
                "f1-score": 0.8990751909931646,
                "support": 1364
            },
            "accuracy": 0.9898790322580645,
            "macro avg": {
                "precision": 0.9925789052283532,
                "recall": 0.909717373427051,
                "f1-score": 0.946873787205877,
                "support": 24800
            },
            "weighted avg": {
                "precision": 0.989936731059682,
                "recall": 0.9898790322580645,
                "f1-score": 0.9894145378351911,
                "support": 24800
            },
            "roc_auc": 0.991603435249377,
            "score": 0.9898790322580645
        },
        "val": {
            "0": {
                "precision": 0.9972789115646259,
                "recall": 1.0,
                "f1-score": 0.9986376021798365,
                "support": 733
            },
            "1": {
                "precision": 1.0,
                "recall": 0.9523809523809523,
                "f1-score": 0.975609756097561,
                "support": 42
            },
            "accuracy": 0.9974193548387097,
            "macro avg": {
                "precision": 0.998639455782313,
                "recall": 0.9761904761904762,
                "f1-score": 0.9871236791386988,
                "support": 775
            },
            "weighted avg": {
                "precision": 0.997426377002414,
                "recall": 0.9974193548387097,
                "f1-score": 0.9973896414889262,
                "support": 775
            },
            "roc_auc": 0.999317871759891,
            "score": 0.9974193548387097
        },
        "test": {
            "0": {
                "precision": 0.9890829694323144,
                "recall": 0.9890829694323144,
                "f1-score": 0.9890829694323144,
                "support": 916
            },
            "1": {
                "precision": 0.8076923076923077,
                "recall": 0.8076923076923077,
                "f1-score": 0.8076923076923077,
                "support": 52
            },
            "accuracy": 0.9793388429752066,
            "macro avg": {
                "precision": 0.8983876385623111,
                "recall": 0.8983876385623111,
                "f1-score": 0.8983876385623111,
                "support": 968
            },
            "weighted avg": {
                "precision": 0.9793388429752066,
                "recall": 0.9793388429752066,
                "f1-score": 0.9793388429752066,
                "support": 968
            },
            "roc_auc": 0.9920221699697682,
            "score": 0.9793388429752066
        }
    }
}
