{
    "eval_type": "synthetic",
    "dataset": "data/wilt/",
    "metrics": {
        "train": {
            "0": {
                "precision": 0.9996160573354379,
                "recall": 0.9998293224099676,
                "f1-score": 0.9997226784990507,
                "support": 23436
            },
            "1": {
                "precision": 0.9970566593083149,
                "recall": 0.9934017595307918,
                "f1-score": 0.9952258538376789,
                "support": 1364
            },
            "accuracy": 0.9994758064516129,
            "macro avg": {
                "precision": 0.9983363583218764,
                "recall": 0.9966155409703796,
                "f1-score": 0.9974742661683649,
                "support": 24800
            },
            "weighted avg": {
                "precision": 0.9994752904439461,
                "recall": 0.9994758064516129,
                "f1-score": 0.9994753531426752,
                "support": 24800
            },
            "roc_auc": 0.9999745203634381,
            "score": 0.9994758064516129
        },
        "val": {
            "0": {
                "precision": 0.9986376021798365,
                "recall": 1.0,
                "f1-score": 0.9993183367416496,
                "support": 733
            },
            "1": {
                "precision": 1.0,
                "recall": 0.9761904761904762,
                "f1-score": 0.9879518072289156,
                "support": 42
            },
            "accuracy": 0.9987096774193548,
            "macro avg": {
                "precision": 0.9993188010899183,
                "recall": 0.9880952380952381,
                "f1-score": 0.9936350719852827,
                "support": 775
            },
            "weighted avg": {
                "precision": 0.9987114353520261,
                "recall": 0.9987096774193548,
                "f1-score": 0.9987023441745079,
                "support": 775
            },
            "roc_auc": 0.9993178717598908,
            "score": 0.9987096774193548
        },
        "test": {
            "0": {
                "precision": 0.9869423286180631,
                "recall": 0.990174672489083,
                "f1-score": 0.9885558583106266,
                "support": 916
            },
            "1": {
                "precision": 0.8163265306122449,
                "recall": 0.7692307692307693,
                "f1-score": 0.7920792079207921,
                "support": 52
            },
            "accuracy": 0.9783057851239669,
            "macro avg": {
                "precision": 0.9016344296151539,
                "recall": 0.8797027208599262,
                "f1-score": 0.8903175331157094,
                "support": 968
            },
            "weighted avg": {
                "precision": 0.9777770171549407,
                "recall": 0.9783057851239669,
                "f1-score": 0.9780013275045611,
                "support": 968
            },
            "roc_auc": 0.993827678871347,
            "score": 0.9783057851239669
        }
    }
}
