{
    "eval_type": "synthetic",
    "dataset": "data/wilt/",
    "metrics": {
        "train": {
            "0": {
                "precision": 0.9954882097556823,
                "recall": 0.9979518689196109,
                "f1-score": 0.9967185169401237,
                "support": 23436
            },
            "1": {
                "precision": 0.9632465543644717,
                "recall": 0.9222873900293255,
                "f1-score": 0.9423220973782772,
                "support": 1364
            },
            "accuracy": 0.9937903225806451,
            "macro avg": {
                "precision": 0.979367382060077,
                "recall": 0.9601196294744682,
                "f1-score": 0.9695203071592005,
                "support": 24800
            },
            "weighted avg": {
                "precision": 0.9937149187091657,
                "recall": 0.9937903225806451,
                "f1-score": 0.9937267138642222,
                "support": 24800
            },
            "roc_auc": 0.9989059084727658,
            "score": 0.9937903225806451
        },
        "val": {
            "0": {
                "precision": 0.9972789115646259,
                "recall": 1.0,
                "f1-score": 0.9986376021798365,
                "support": 733
            },
            "1": {
                "precision": 1.0,
                "recall": 0.9523809523809523,
                "f1-score": 0.975609756097561,
                "support": 42
            },
            "accuracy": 0.9974193548387097,
            "macro avg": {
                "precision": 0.998639455782313,
                "recall": 0.9761904761904762,
                "f1-score": 0.9871236791386988,
                "support": 775
            },
            "weighted avg": {
                "precision": 0.997426377002414,
                "recall": 0.9974193548387097,
                "f1-score": 0.9973896414889262,
                "support": 775
            },
            "roc_auc": 0.999382836354187,
            "score": 0.9974193548387097
        },
        "test": {
            "0": {
                "precision": 0.9880304678998912,
                "recall": 0.9912663755458515,
                "f1-score": 0.9896457765667576,
                "support": 916
            },
            "1": {
                "precision": 0.8367346938775511,
                "recall": 0.7884615384615384,
                "f1-score": 0.8118811881188118,
                "support": 52
            },
            "accuracy": 0.9803719008264463,
            "macro avg": {
                "precision": 0.9123825808887212,
                "recall": 0.889863957003695,
                "f1-score": 0.9007634823427847,
                "support": 968
            },
            "weighted avg": {
                "precision": 0.9799030089648069,
                "recall": 0.9803719008264463,
                "f1-score": 0.9800964391707936,
                "support": 968
            },
            "roc_auc": 0.9921271414175346,
            "score": 0.9803719008264463
        }
    }
}
