{
    "eval_type": "synthetic",
    "dataset": "data/churn2/",
    "metrics": {
        "train": {
            "0": {
                "precision": 0.9040697674418605,
                "recall": 0.9825603437381524,
                "f1-score": 0.9416823109065584,
                "support": 7913
            },
            "1": {
                "precision": 0.9014285714285715,
                "recall": 0.6046957355055103,
                "f1-score": 0.7238313736736449,
                "support": 2087
            },
            "accuracy": 0.9037,
            "macro avg": {
                "precision": 0.902749169435216,
                "recall": 0.7936280396218314,
                "f1-score": 0.8327568422901017,
                "support": 10000
            },
            "weighted avg": {
                "precision": 0.9035185498338871,
                "recall": 0.9037,
                "f1-score": 0.8962168203060493,
                "support": 10000
            },
            "roc_auc": 0.9320424058207033,
            "score": 0.9037
        },
        "val": {
            "0": {
                "precision": 0.8478854024556617,
                "recall": 0.9756671899529042,
                "f1-score": 0.9072992700729926,
                "support": 1274
            },
            "1": {
                "precision": 0.7686567164179104,
                "recall": 0.3159509202453988,
                "f1-score": 0.4478260869565217,
                "support": 326
            },
            "accuracy": 0.84125,
            "macro avg": {
                "precision": 0.8082710594367861,
                "recall": 0.6458090550991515,
                "f1-score": 0.6775626785147572,
                "support": 1600
            },
            "weighted avg": {
                "precision": 0.8317425576754698,
                "recall": 0.84125,
                "f1-score": 0.8136816090130117,
                "support": 1600
            },
            "roc_auc": 0.8228732266856719,
            "score": 0.84125
        },
        "test": {
            "0": {
                "precision": 0.8578485181119648,
                "recall": 0.9811676082862524,
                "f1-score": 0.9153733528550512,
                "support": 1593
            },
            "1": {
                "precision": 0.8314606741573034,
                "recall": 0.36363636363636365,
                "f1-score": 0.5059829059829061,
                "support": 407
            },
            "accuracy": 0.8555,
            "macro avg": {
                "precision": 0.8446545961346341,
                "recall": 0.672401985961308,
                "f1-score": 0.7106781294189786,
                "support": 2000
            },
            "weighted avg": {
                "precision": 0.8524785918671912,
                "recall": 0.8555,
                "f1-score": 0.8320623969165697,
                "support": 2000
            },
            "roc_auc": 0.8284200996065403,
            "score": 0.8555
        }
    }
}
