{
    "eval_type": "synthetic",
    "dataset": "data/churn2/",
    "metrics": {
        "train": {
            "0": {
                "precision": 0.8867567993161316,
                "recall": 0.9520807670941719,
                "f1-score": 0.9182584793142006,
                "support": 41403
            },
            "1": {
                "precision": 0.737114085066914,
                "recall": 0.5249598943097102,
                "f1-score": 0.613205467372134,
                "support": 10597
            },
            "accuracy": 0.8650384615384615,
            "macro avg": {
                "precision": 0.8119354421915228,
                "recall": 0.738520330701941,
                "f1-score": 0.7657319733431673,
                "support": 52000
            },
            "weighted avg": {
                "precision": 0.856261340798844,
                "recall": 0.8650384615384615,
                "f1-score": 0.8560921953228529,
                "support": 52000
            },
            "roc_auc": 0.8840507001211091,
            "score": 0.8650384615384615
        },
        "val": {
            "0": {
                "precision": 0.8902798232695139,
                "recall": 0.9489795918367347,
                "f1-score": 0.9186930091185411,
                "support": 1274
            },
            "1": {
                "precision": 0.731404958677686,
                "recall": 0.5429447852760736,
                "f1-score": 0.6232394366197184,
                "support": 326
            },
            "accuracy": 0.86625,
            "macro avg": {
                "precision": 0.8108423909736,
                "recall": 0.7459621885564042,
                "f1-score": 0.7709662228691297,
                "support": 1600
            },
            "weighted avg": {
                "precision": 0.857909069608929,
                "recall": 0.86625,
                "f1-score": 0.858494343721906,
                "support": 1600
            },
            "roc_auc": 0.8620474617407133,
            "score": 0.86625
        },
        "test": {
            "0": {
                "precision": 0.8840494408475574,
                "recall": 0.9428750784682988,
                "f1-score": 0.9125151883353585,
                "support": 1593
            },
            "1": {
                "precision": 0.6976744186046512,
                "recall": 0.515970515970516,
                "f1-score": 0.5932203389830508,
                "support": 407
            },
            "accuracy": 0.856,
            "macro avg": {
                "precision": 0.7908619297261044,
                "recall": 0.7294227972194074,
                "f1-score": 0.7528677636592047,
                "support": 2000
            },
            "weighted avg": {
                "precision": 0.8461221238211261,
                "recall": 0.856,
                "f1-score": 0.8475386864921639,
                "support": 2000
            },
            "roc_auc": 0.8575509253475354,
            "score": 0.856
        }
    }
}
