{
    "eval_type": "synthetic",
    "dataset": "data/abalone/",
    "metrics": {
        "train": {
            "rmse": 2.048496896152271,
            "r2": 0.7517674764784503,
            "score": -2.048496896152271
        },
        "val": {
            "rmse": 2.101789539771399,
            "r2": 0.5473905677992221,
            "score": -2.101789539771399
        },
        "test": {
            "rmse": 2.0059952514108765,
            "r2": 0.5577501576657773,
            "score": -2.0059952514108765
        }
    }
}
