{
    "lr": 0.3454879005144727,
    "n_layers": 0.3367390706147759,
    "steps": 0.1702985208916375,
    "batch_size": 0.091424779068667,
    "num_samples": 0.0206492910218397,
    "num_timesteps": 0.018179627700206216,
    "d_last": 0.00942246670010233,
    "d_first": 0.007798343488298586
}
