{
    "eval_type": "synthetic",
    "dataset": "data/loan/",
    "metrics": {
        "train": {
            "0": {
                "precision": 0.929285497901069,
                "recall": 0.9588943220130841,
                "f1-score": 0.9438577598048372,
                "support": 44787
            },
            "1": {
                "precision": 0.8383102055155454,
                "recall": 0.7449465386716616,
                "f1-score": 0.7888755733708005,
                "support": 12813
            },
            "accuracy": 0.9113020833333333,
            "macro avg": {
                "precision": 0.8837978517083072,
                "recall": 0.8519204303423729,
                "f1-score": 0.8663666665878189,
                "support": 57600
            },
            "weighted avg": {
                "precision": 0.9090482336417683,
                "recall": 0.9113020833333333,
                "f1-score": 0.9093822953121408,
                "support": 57600
            },
            "roc_auc": 0.9612250807642312,
            "score": 0.9113020833333333
        },
        "val": {
            "0": {
                "precision": 0.937707206421218,
                "recall": 0.9587867975022302,
                "f1-score": 0.9481298517995765,
                "support": 5605
            },
            "1": {
                "precision": 0.8427501701837985,
                "recall": 0.7761755485893417,
                "f1-score": 0.808093994778068,
                "support": 1595
            },
            "accuracy": 0.9183333333333333,
            "macro avg": {
                "precision": 0.8902286883025082,
                "recall": 0.8674811730457859,
                "f1-score": 0.8781119232888223,
                "support": 7200
            },
            "weighted avg": {
                "precision": 0.9166715851991785,
                "recall": 0.9183333333333333,
                "f1-score": 0.9171080195843951,
                "support": 7200
            },
            "roc_auc": 0.9683621039208723,
            "score": 0.9183333333333333
        },
        "test": {
            "0": {
                "precision": 0.9376488720751016,
                "recall": 0.9573676680972818,
                "f1-score": 0.947405677072273,
                "support": 6990
            },
            "1": {
                "precision": 0.8400429414922168,
                "recall": 0.7786069651741293,
                "f1-score": 0.8081590498321715,
                "support": 2010
            },
            "accuracy": 0.9174444444444444,
            "macro avg": {
                "precision": 0.8888459067836592,
                "recall": 0.8679873166357055,
                "f1-score": 0.8777823634522222,
                "support": 9000
            },
            "weighted avg": {
                "precision": 0.915850214244924,
                "recall": 0.9174444444444444,
                "f1-score": 0.916307263655317,
                "support": 9000
            },
            "roc_auc": 0.9661529263553477,
            "score": 0.9174444444444444
        }
    }
}
