{
    "eval_type": "synthetic",
    "dataset": "data/loan/",
    "metrics": {
        "train": {
            "0": {
                "precision": 0.9372550727161891,
                "recall": 0.9612164244088687,
                "f1-score": 0.9490845357642831,
                "support": 44787
            },
            "1": {
                "precision": 0.8511312992800822,
                "recall": 0.7750721923046906,
                "f1-score": 0.8113230668681836,
                "support": 12813
            },
            "accuracy": 0.9198090277777777,
            "macro avg": {
                "precision": 0.8941931859981357,
                "recall": 0.8681443083567797,
                "f1-score": 0.8802038013162333,
                "support": 57600
            },
            "weighted avg": {
                "precision": 0.918097018739855,
                "recall": 0.9198090277777777,
                "f1-score": 0.918439784011406,
                "support": 57600
            },
            "roc_auc": 0.9703527165170516,
            "score": 0.9198090277777777
        },
        "val": {
            "0": {
                "precision": 0.9299384825700615,
                "recall": 0.9709188224799287,
                "f1-score": 0.9499869075674261,
                "support": 5605
            },
            "1": {
                "precision": 0.879080118694362,
                "recall": 0.7429467084639498,
                "f1-score": 0.8053007135575942,
                "support": 1595
            },
            "accuracy": 0.9204166666666667,
            "macro avg": {
                "precision": 0.9045093006322118,
                "recall": 0.8569327654719392,
                "f1-score": 0.8776438105625102,
                "support": 7200
            },
            "weighted avg": {
                "precision": 0.9186719422392642,
                "recall": 0.9204166666666667,
                "f1-score": 0.9179348965333036,
                "support": 7200
            },
            "roc_auc": 0.9695464472775371,
            "score": 0.9204166666666667
        },
        "test": {
            "0": {
                "precision": 0.9286401759934002,
                "recall": 0.9662374821173104,
                "f1-score": 0.9470658346771367,
                "support": 6990
            },
            "1": {
                "precision": 0.863346844238564,
                "recall": 0.7417910447761195,
                "f1-score": 0.797966283114798,
                "support": 2010
            },
            "accuracy": 0.9161111111111111,
            "macro avg": {
                "precision": 0.8959935101159822,
                "recall": 0.8540142634467149,
                "f1-score": 0.8725160588959673,
                "support": 9000
            },
            "weighted avg": {
                "precision": 0.9140579985681535,
                "recall": 0.9161111111111111,
                "f1-score": 0.9137669348282145,
                "support": 9000
            },
            "roc_auc": 0.9665413988711662,
            "score": 0.9161111111111111
        }
    }
}
