{
    "eval_type": "synthetic",
    "dataset": "data/loan/",
    "metrics": {
        "train": {
            "0": {
                "precision": 0.939389326258101,
                "recall": 0.9644539710183758,
                "f1-score": 0.95175665700845,
                "support": 44787
            },
            "1": {
                "precision": 0.8629712515062834,
                "recall": 0.7824865371107469,
                "f1-score": 0.8207605091891449,
                "support": 12813
            },
            "accuracy": 0.9239756944444445,
            "macro avg": {
                "precision": 0.9011802888821923,
                "recall": 0.8734702540645614,
                "f1-score": 0.8862585830987975,
                "support": 57600
            },
            "weighted avg": {
                "precision": 0.9223902847338816,
                "recall": 0.9239756944444445,
                "f1-score": 0.922616836834687,
                "support": 57600
            },
            "roc_auc": 0.9733880581584611,
            "score": 0.9239756944444445
        },
        "val": {
            "0": {
                "precision": 0.9359418282548476,
                "recall": 0.9644959857270294,
                "f1-score": 0.9500043932870573,
                "support": 5605
            },
            "1": {
                "precision": 0.860252808988764,
                "recall": 0.768025078369906,
                "f1-score": 0.8115269956939385,
                "support": 1595
            },
            "accuracy": 0.9209722222222222,
            "macro avg": {
                "precision": 0.8980973186218058,
                "recall": 0.8662605320484678,
                "f1-score": 0.8807656944904979,
                "support": 7200
            },
            "weighted avg": {
                "precision": 0.9191746080146527,
                "recall": 0.9209722222222222,
                "f1-score": 0.919327803125804,
                "support": 7200
            },
            "roc_auc": 0.9686399570468598,
            "score": 0.9209722222222222
        },
        "test": {
            "0": {
                "precision": 0.937657254682695,
                "recall": 0.959656652360515,
                "f1-score": 0.9485294117647058,
                "support": 6990
            },
            "1": {
                "precision": 0.847237269772481,
                "recall": 0.7781094527363184,
                "f1-score": 0.8112033195020746,
                "support": 2010
            },
            "accuracy": 0.9191111111111111,
            "macro avg": {
                "precision": 0.8924472622275881,
                "recall": 0.8688830525484167,
                "f1-score": 0.8798663656333903,
                "support": 9000
            },
            "weighted avg": {
                "precision": 0.9174634580527472,
                "recall": 0.9191111111111111,
                "f1-score": 0.9178599178260516,
                "support": 9000
            },
            "roc_auc": 0.9672670268115787,
            "score": 0.9191111111111111
        }
    }
}
