{
    "eval_type": "synthetic",
    "dataset": "data/loan/",
    "metrics": {
        "train": {
            "0": {
                "precision": 0.927691114366974,
                "recall": 0.9613503918547793,
                "f1-score": 0.9442208796149081,
                "support": 44787
            },
            "1": {
                "precision": 0.8452806578476939,
                "recall": 0.7380785140092094,
                "f1-score": 0.7880504978959211,
                "support": 12813
            },
            "accuracy": 0.9116840277777778,
            "macro avg": {
                "precision": 0.8864858861073339,
                "recall": 0.8497144529319944,
                "f1-score": 0.8661356887554146,
                "support": 57600
            },
            "weighted avg": {
                "precision": 0.9093590800027114,
                "recall": 0.9116840277777778,
                "f1-score": 0.9094811035564813,
                "support": 57600
            },
            "roc_auc": 0.9608808122401044,
            "score": 0.9116840277777778
        },
        "val": {
            "0": {
                "precision": 0.933781686497672,
                "recall": 0.9661016949152542,
                "f1-score": 0.9496667835847072,
                "support": 5605
            },
            "1": {
                "precision": 0.8643825838686653,
                "recall": 0.7592476489028214,
                "f1-score": 0.8084112149532711,
                "support": 1595
            },
            "accuracy": 0.9202777777777778,
            "macro avg": {
                "precision": 0.8990821351831686,
                "recall": 0.8626746719090378,
                "f1-score": 0.8790389992689891,
                "support": 7200
            },
            "weighted avg": {
                "precision": 0.9184078575124962,
                "recall": 0.9202777777777778,
                "f1-score": 0.9183747513670487,
                "support": 7200
            },
            "roc_auc": 0.9694288854275319,
            "score": 0.9202777777777778
        },
        "test": {
            "0": {
                "precision": 0.9348249027237354,
                "recall": 0.9623748211731045,
                "f1-score": 0.9483998308191175,
                "support": 6990
            },
            "1": {
                "precision": 0.8542128603104213,
                "recall": 0.7666666666666667,
                "f1-score": 0.8080755112742528,
                "support": 2010
            },
            "accuracy": 0.9186666666666666,
            "macro avg": {
                "precision": 0.8945188815170784,
                "recall": 0.8645207439198856,
                "f1-score": 0.8782376710466852,
                "support": 9000
            },
            "weighted avg": {
                "precision": 0.9168215465847619,
                "recall": 0.9186666666666666,
                "f1-score": 0.9170607327874309,
                "support": 9000
            },
            "roc_auc": 0.9666763464508645,
            "score": 0.9186666666666666
        }
    }
}
