{
    "eval_type": "synthetic",
    "dataset": "data/abalone/",
    "metrics": {
        "train": {
            "rmse": 2.1291771156481083,
            "r2": 0.7502192386101701,
            "score": -2.1291771156481083
        },
        "val": {
            "rmse": 2.1062309293488175,
            "r2": 0.5454756864886867,
            "score": -2.1062309293488175
        },
        "test": {
            "rmse": 1.9716625246062134,
            "r2": 0.5727588756911042,
            "score": -1.9716625246062134
        }
    }
}
