{
    "eval_type": "synthetic",
    "dataset": "data/winequality/",
    "metrics": {
        "train": {
            "rmse": 0.5629161141307559,
            "r2": 0.8867620868675931,
            "score": -0.5629161141307559
        },
        "val": {
            "rmse": 0.7067373008158339,
            "r2": 0.40254759510192684,
            "score": -0.7067373008158339
        },
        "test": {
            "rmse": 0.6900497636654963,
            "r2": 0.355262643568511,
            "score": -0.6900497636654963
        }
    }
}
