{
    "eval_type": "synthetic",
    "dataset": "data/winequality/",
    "metrics": {
        "train": {
            "rmse": 0.5714393521025757,
            "r2": 0.8490111211959024,
            "score": -0.5714393521025757
        },
        "val": {
            "rmse": 0.7125803524738963,
            "r2": 0.3926277105691589,
            "score": -0.7125803524738963
        },
        "test": {
            "rmse": 0.683088451961682,
            "r2": 0.3682054169120246,
            "score": -0.683088451961682
        }
    }
}
