{
    "eval_type": "synthetic",
    "dataset": "data/winequality/",
    "metrics": {
        "train": {
            "rmse": 0.4467425766886935,
            "r2": 0.904563753563155,
            "score": -0.4467425766886935
        },
        "val": {
            "rmse": 0.7115179782916474,
            "r2": 0.3944374030084089,
            "score": -0.7115179782916474
        },
        "test": {
            "rmse": 0.6886963227023434,
            "r2": 0.35778929667786386,
            "score": -0.6886963227023434
        }
    }
}
