{
    "wasserstein_distance_numerical": 0.11209403916892761,
    "js_similarity_categorical": 0.9580581104800167,
    "correlation_pearson": 0.8798659170965766,
    "correlation_spearman": 0.9327857143241305,
    "dcr_euclidean": 0.405239937956866,
    "nndr_euclidean": 0.9016108192086966,
    "nndr_cosine": 0.8395693338831752,
    "gower_distance": 0.20015569668009947,
    "dcr_gower_distance": 0.02913611406622387,
    "mean": 0.08523040906168855,
    "median": 0.024643728219689704,
    "var": 0.06586550798830859,
    "val": {
        "r2": 0.3944,
        "rmse": 0.7115
    },
    "test": {
        "r2": 0.3578,
        "rmse": 0.6887
    },
    "elapsed_time": "Total training time: 22 min 20.37 sec"
}
