{
    "eval_type": "synthetic",
    "dataset": "data/california/",
    "metrics": {
        "train": {
            "rmse": 0.42533233003025056,
            "r2": 0.7786831867336186,
            "score": -0.42533233003025056
        },
        "val": {
            "rmse": 0.624603716958753,
            "r2": 0.7058976686987035,
            "score": -0.624603716958753
        },
        "test": {
            "rmse": 0.6271920905817976,
            "r2": 0.698325551412214,
            "score": -0.6271920905817976
        }
    }
}
