{
    "eval_type": "synthetic",
    "dataset": "data/gesture/",
    "metrics": {
        "train": {
            "0": {
                "precision": 0.9954031117397454,
                "recall": 0.9964601769911504,
                "f1-score": 0.9959313638775871,
                "support": 2825
            },
            "1": {
                "precision": 1.0,
                "recall": 0.9877300613496932,
                "f1-score": 0.9938271604938271,
                "support": 978
            },
            "2": {
                "precision": 0.9985243482538121,
                "recall": 0.9792571152918476,
                "f1-score": 0.9887968826108134,
                "support": 2073
            },
            "3": {
                "precision": 0.9694589877835951,
                "recall": 0.9866785079928952,
                "f1-score": 0.9779929577464789,
                "support": 1126
            },
            "4": {
                "precision": 0.9818301949124546,
                "recall": 0.9913275517011341,
                "f1-score": 0.9865560165975104,
                "support": 2998
            },
            "accuracy": 0.9894,
            "macro avg": {
                "precision": 0.9890433285379215,
                "recall": 0.9882906826653441,
                "f1-score": 0.9886208762652433,
                "support": 10000
            },
            "weighted avg": {
                "precision": 0.9895092509186801,
                "recall": 0.9894,
                "f1-score": 0.9894160011751233,
                "support": 10000
            },
            "score": 0.9894
        },
        "val": {
            "0": {
                "precision": 0.6601731601731602,
                "recall": 0.6947608200455581,
                "f1-score": 0.6770255271920089,
                "support": 439
            },
            "1": {
                "precision": 0.39759036144578314,
                "recall": 0.4125,
                "f1-score": 0.40490797546012275,
                "support": 160
            },
            "2": {
                "precision": 0.4911242603550296,
                "recall": 0.4955223880597015,
                "f1-score": 0.49331352154531943,
                "support": 335
            },
            "3": {
                "precision": 0.4625,
                "recall": 0.21264367816091953,
                "f1-score": 0.29133858267716534,
                "support": 174
            },
            "4": {
                "precision": 0.5730337078651685,
                "recall": 0.6483050847457628,
                "f1-score": 0.6083499005964214,
                "support": 472
            },
            "accuracy": 0.5569620253164557,
            "macro avg": {
                "precision": 0.5168842979678283,
                "recall": 0.4927463942023884,
                "f1-score": 0.4949871014942076,
                "support": 1580
            },
            "weighted avg": {
                "precision": 0.5499392484042007,
                "recall": 0.5569620253164557,
                "f1-score": 0.5475275814531211,
                "support": 1580
            },
            "score": 0.5569620253164557
        },
        "test": {
            "0": {
                "precision": 0.6438848920863309,
                "recall": 0.6532846715328468,
                "f1-score": 0.6485507246376812,
                "support": 548
            },
            "1": {
                "precision": 0.38181818181818183,
                "recall": 0.42,
                "f1-score": 0.4000000000000001,
                "support": 200
            },
            "2": {
                "precision": 0.4637002341920375,
                "recall": 0.4714285714285714,
                "f1-score": 0.4675324675324676,
                "support": 420
            },
            "3": {
                "precision": 0.4074074074074074,
                "recall": 0.15207373271889402,
                "f1-score": 0.22147651006711414,
                "support": 217
            },
            "4": {
                "precision": 0.5716353111432706,
                "recall": 0.6694915254237288,
                "f1-score": 0.6167056986729118,
                "support": 590
            },
            "accuracy": 0.540759493670886,
            "macro avg": {
                "precision": 0.4936892053294457,
                "recall": 0.47325570022080826,
                "f1-score": 0.4708530801820349,
                "support": 1975
            },
            "weighted avg": {
                "precision": 0.5314627324402726,
                "recall": 0.540759493670886,
                "f1-score": 0.5284487080337557,
                "support": 1975
            },
            "score": 0.540759493670886
        }
    }
}
