{
    "n_layers": 0.1826086956521737,
    "d_middle": 0.1826086956521737,
    "d_last": 0.1826086956521737,
    "d_first": 0.1826086956521737,
    "steps_per_round": 0.0782608695652177,
    "privacy_discount": 0.0434782608695654,
    "nndr": 0.0434782608695654,
    "pretrain_steps": 0.03478260869565231,
    "gower": 0.03478260869565231,
    "dcr": 0.03478260869565231
}
