{
    "nndr": 0.6056465152799199,
    "pretrain_steps": 0.14291974629848123,
    "dcr": 0.11970318297675712,
    "privacy_discount": 0.09794489890866631,
    "steps_per_round": 0.029674525178042067,
    "gower": 0.004111131358133489
}
