{
    "dcr": 0.7254301510299861,
    "nndr": 0.1807870050188153,
    "pretrain_steps": 0.03280632568834927,
    "privacy_discount": 0.02148887831864488,
    "gower": 0.021362696531557767,
    "steps_per_round": 0.018124943412646647
}
