{
    "eval_type": "synthetic",
    "dataset": "data/churn2/",
    "metrics": {
        "train": {
            "0": {
                "precision": 0.9252891957386493,
                "recall": 0.9778218013142637,
                "f1-score": 0.9508304555171847,
                "support": 20696
            },
            "1": {
                "precision": 0.8888350690239768,
                "recall": 0.6919306184012066,
                "f1-score": 0.7781193681755539,
                "support": 5304
            },
            "accuracy": 0.9195,
            "macro avg": {
                "precision": 0.9070621323813131,
                "recall": 0.8348762098577351,
                "f1-score": 0.8644749118463693,
                "support": 26000
            },
            "weighted avg": {
                "precision": 0.9178525538888562,
                "recall": 0.9195,
                "f1-score": 0.9155973936994921,
                "support": 26000
            },
            "roc_auc": 0.9530524311282601,
            "score": 0.9195
        },
        "val": {
            "0": {
                "precision": 0.8782918149466192,
                "recall": 0.9686028257456829,
                "f1-score": 0.9212392683837253,
                "support": 1274
            },
            "1": {
                "precision": 0.7948717948717948,
                "recall": 0.4754601226993865,
                "f1-score": 0.5950095969289827,
                "support": 326
            },
            "accuracy": 0.868125,
            "macro avg": {
                "precision": 0.8365818049092071,
                "recall": 0.7220314742225347,
                "f1-score": 0.758124432656354,
                "support": 1600
            },
            "weighted avg": {
                "precision": 0.8612949858563738,
                "recall": 0.868125,
                "f1-score": 0.8547699728248216,
                "support": 1600
            },
            "roc_auc": 0.848318421280735,
            "score": 0.868125
        },
        "test": {
            "0": {
                "precision": 0.8679567444507683,
                "recall": 0.9573132454488387,
                "f1-score": 0.9104477611940298,
                "support": 1593
            },
            "1": {
                "precision": 0.720164609053498,
                "recall": 0.42997542997543,
                "f1-score": 0.5384615384615384,
                "support": 407
            },
            "accuracy": 0.85,
            "macro avg": {
                "precision": 0.7940606767521332,
                "recall": 0.6936443377121343,
                "f1-score": 0.7244546498277842,
                "support": 2000
            },
            "weighted avg": {
                "precision": 0.8378810448974239,
                "recall": 0.85,
                "f1-score": 0.8347485648679679,
                "support": 2000
            },
            "roc_auc": 0.8333310197716978,
            "score": 0.85
        }
    }
}
