{
    "eval_type": "synthetic",
    "dataset": "data/abalone/",
    "metrics": {
        "train": {
            "rmse": 5.303764462358647,
            "r2": 0.5859753223199442,
            "score": -5.303764462358647
        },
        "val": {
            "rmse": 2.149138249488186,
            "r2": 0.5267682714285042,
            "score": -2.149138249488186
        },
        "test": {
            "rmse": 2.0158000616852685,
            "r2": 0.553416375844423,
            "score": -2.0158000616852685
        }
    }
}
