{
    "eval_type": "synthetic",
    "dataset": "data/wilt/",
    "metrics": {
        "train": {
            "0": {
                "precision": 0.9900249376558603,
                "recall": 0.9994452978323946,
                "f1-score": 0.9947128145238348,
                "support": 23436
            },
            "1": {
                "precision": 0.9886064855390009,
                "recall": 0.8269794721407625,
                "f1-score": 0.9005988023952095,
                "support": 1364
            },
            "accuracy": 0.9899596774193549,
            "macro avg": {
                "precision": 0.9893157115974306,
                "recall": 0.9132123849865785,
                "f1-score": 0.9476558084595221,
                "support": 24800
            },
            "weighted avg": {
                "precision": 0.9899469227894331,
                "recall": 0.9899596774193549,
                "f1-score": 0.9895365438567604,
                "support": 24800
            },
            "roc_auc": 0.9935343506168168,
            "score": 0.9899596774193549
        },
        "val": {
            "0": {
                "precision": 0.9986320109439124,
                "recall": 0.9959072305593452,
                "f1-score": 0.9972677595628415,
                "support": 733
            },
            "1": {
                "precision": 0.9318181818181818,
                "recall": 0.9761904761904762,
                "f1-score": 0.9534883720930233,
                "support": 42
            },
            "accuracy": 0.9948387096774194,
            "macro avg": {
                "precision": 0.9652250963810471,
                "recall": 0.9860488533749107,
                "f1-score": 0.9753780658279324,
                "support": 775
            },
            "weighted avg": {
                "precision": 0.9950111324622598,
                "recall": 0.9948387096774194,
                "f1-score": 0.9948951992096385,
                "support": 775
            },
            "roc_auc": 0.9991229779770026,
            "score": 0.9948387096774194
        },
        "test": {
            "0": {
                "precision": 0.990174672489083,
                "recall": 0.990174672489083,
                "f1-score": 0.990174672489083,
                "support": 916
            },
            "1": {
                "precision": 0.8269230769230769,
                "recall": 0.8269230769230769,
                "f1-score": 0.8269230769230769,
                "support": 52
            },
            "accuracy": 0.981404958677686,
            "macro avg": {
                "precision": 0.9085488747060799,
                "recall": 0.9085488747060799,
                "f1-score": 0.9085488747060799,
                "support": 968
            },
            "weighted avg": {
                "precision": 0.981404958677686,
                "recall": 0.981404958677686,
                "f1-score": 0.981404958677686,
                "support": 968
            },
            "roc_auc": 0.99235807860262,
            "score": 0.981404958677686
        }
    }
}
