{
    "eval_type": "synthetic",
    "dataset": "data/buddy/",
    "metrics": {
        "train": {
            "0": {
                "precision": 0.9130522088353413,
                "recall": 0.951653411469234,
                "f1-score": 0.931953269112523,
                "support": 4778
            },
            "1": {
                "precision": 0.9374120956399438,
                "recall": 0.9002701485817199,
                "f1-score": 0.9184657785943959,
                "support": 4442
            },
            "2": {
                "precision": 0.9681697612732095,
                "recall": 0.9358974358974359,
                "f1-score": 0.9517601043024772,
                "support": 780
            },
            "accuracy": 0.9276,
            "macro avg": {
                "precision": 0.9395446885828315,
                "recall": 0.9292736653161299,
                "f1-score": 0.9340597173364653,
                "support": 10000
            },
            "weighted avg": {
                "precision": 0.9281720396440994,
                "recall": 0.9276,
                "f1-score": 0.9275070589691874,
                "support": 10000
            },
            "score": 0.9276
        },
        "val": {
            "0": {
                "precision": 0.8806473364801078,
                "recall": 0.9069444444444444,
                "f1-score": 0.8936024632227163,
                "support": 1440
            },
            "1": {
                "precision": 0.880184331797235,
                "recall": 0.8571428571428571,
                "f1-score": 0.8685107995452823,
                "support": 1337
            },
            "2": {
                "precision": 0.9388646288209607,
                "recall": 0.9071729957805907,
                "f1-score": 0.9227467811158798,
                "support": 237
            },
            "accuracy": 0.8848706038487061,
            "macro avg": {
                "precision": 0.8998987656994345,
                "recall": 0.8904200991226308,
                "f1-score": 0.8949533479612928,
                "support": 3014
            },
            "weighted avg": {
                "precision": 0.8850197522146073,
                "recall": 0.8848706038487061,
                "f1-score": 0.8847635942791032,
                "support": 3014
            },
            "score": 0.8848706038487061
        },
        "test": {
            "0": {
                "precision": 0.8891951488423374,
                "recall": 0.8961111111111111,
                "f1-score": 0.8926397343663531,
                "support": 1800
            },
            "1": {
                "precision": 0.8722121760096444,
                "recall": 0.8654306220095693,
                "f1-score": 0.8688081657160013,
                "support": 1672
            },
            "2": {
                "precision": 0.9183673469387755,
                "recall": 0.9152542372881356,
                "f1-score": 0.9168081494057725,
                "support": 295
            },
            "accuracy": 0.8839925670294664,
            "macro avg": {
                "precision": 0.8932582239302524,
                "recall": 0.8922653234696053,
                "f1-score": 0.8927520164960422,
                "support": 3767
            },
            "weighted avg": {
                "precision": 0.8839417025620577,
                "recall": 0.8839925670294664,
                "f1-score": 0.883954653308015,
                "support": 3767
            },
            "score": 0.8839925670294664
        }
    }
}
