{
    "eval_type": "synthetic",
    "dataset": "data/gesture/",
    "metrics": {
        "train": {
            "0": {
                "precision": 0.9639973082099597,
                "recall": 0.9902530070510162,
                "f1-score": 0.976948782650208,
                "support": 14466
            },
            "1": {
                "precision": 0.9785465790490916,
                "recall": 0.9702951322345726,
                "f1-score": 0.9744033872209392,
                "support": 5218
            },
            "2": {
                "precision": 0.982400889218229,
                "recall": 0.9614722146677545,
                "f1-score": 0.9718238878453292,
                "support": 11031
            },
            "3": {
                "precision": 0.9833187006145742,
                "recall": 0.9783368273934312,
                "f1-score": 0.9808214379542868,
                "support": 5724
            },
            "4": {
                "precision": 0.982875605815832,
                "recall": 0.9774436090225563,
                "f1-score": 0.9801520814537956,
                "support": 15561
            },
            "accuracy": 0.977,
            "macro avg": {
                "precision": 0.9782278165815372,
                "recall": 0.9755601580738661,
                "f1-score": 0.9768299154249117,
                "support": 52000
            },
            "weighted avg": {
                "precision": 0.9771374781428405,
                "recall": 0.977,
                "f1-score": 0.9769910715675278,
                "support": 52000
            },
            "score": 0.977
        },
        "val": {
            "0": {
                "precision": 0.7645739910313901,
                "recall": 0.7767653758542141,
                "f1-score": 0.7706214689265536,
                "support": 439
            },
            "1": {
                "precision": 0.6666666666666666,
                "recall": 0.525,
                "f1-score": 0.5874125874125874,
                "support": 160
            },
            "2": {
                "precision": 0.6024464831804281,
                "recall": 0.5880597014925373,
                "f1-score": 0.595166163141994,
                "support": 335
            },
            "3": {
                "precision": 0.5285714285714286,
                "recall": 0.42528735632183906,
                "f1-score": 0.4713375796178344,
                "support": 174
            },
            "4": {
                "precision": 0.6524953789279113,
                "recall": 0.7478813559322034,
                "f1-score": 0.6969397828232972,
                "support": 472
            },
            "accuracy": 0.6639240506329114,
            "macro avg": {
                "precision": 0.642950789675565,
                "recall": 0.6125987579201587,
                "f1-score": 0.6242955163844532,
                "support": 1580
            },
            "weighted avg": {
                "precision": 0.6608123215318311,
                "recall": 0.6639240506329114,
                "f1-score": 0.6598973543312903,
                "support": 1580
            },
            "score": 0.6639240506329114
        },
        "test": {
            "0": {
                "precision": 0.7631103074141049,
                "recall": 0.7700729927007299,
                "f1-score": 0.7665758401453224,
                "support": 548
            },
            "1": {
                "precision": 0.647887323943662,
                "recall": 0.46,
                "f1-score": 0.5380116959064328,
                "support": 200
            },
            "2": {
                "precision": 0.5580246913580247,
                "recall": 0.5380952380952381,
                "f1-score": 0.5478787878787879,
                "support": 420
            },
            "3": {
                "precision": 0.47560975609756095,
                "recall": 0.35944700460829493,
                "f1-score": 0.4094488188976378,
                "support": 217
            },
            "4": {
                "precision": 0.6286919831223629,
                "recall": 0.7576271186440678,
                "f1-score": 0.687163720215219,
                "support": 590
            },
            "accuracy": 0.640506329113924,
            "macro avg": {
                "precision": 0.6146648123871431,
                "recall": 0.5770484708096661,
                "f1-score": 0.58981577260868,
                "support": 1975
            },
            "weighted avg": {
                "precision": 0.63608499784172,
                "recall": 0.640506329113924,
                "f1-score": 0.6339604957558383,
                "support": 1975
            },
            "score": 0.640506329113924
        }
    }
}
