{
    "eval_type": "synthetic",
    "dataset": "data/buddy/",
    "metrics": {
        "train": {
            "0": {
                "precision": 0.9339670901185096,
                "recall": 0.9542663007970731,
                "f1-score": 0.9440075834284853,
                "support": 22959
            },
            "1": {
                "precision": 0.9402934970266641,
                "recall": 0.9218581033428934,
                "f1-score": 0.9309845445264832,
                "support": 21269
            },
            "2": {
                "precision": 0.9693766937669377,
                "recall": 0.9483032873806999,
                "f1-score": 0.9587242026266417,
                "support": 3772
            },
            "accuracy": 0.9394375,
            "macro avg": {
                "precision": 0.9478790936373706,
                "recall": 0.9414758971735555,
                "f1-score": 0.9445721101938701,
                "support": 48000
            },
            "weighted avg": {
                "precision": 0.9395529520662473,
                "recall": 0.9394375,
                "f1-score": 0.9393935016203345,
                "support": 48000
            },
            "score": 0.9394375
        },
        "val": {
            "0": {
                "precision": 0.8891115564462257,
                "recall": 0.9243055555555556,
                "f1-score": 0.9063670411985018,
                "support": 1440
            },
            "1": {
                "precision": 0.903125,
                "recall": 0.8646222887060584,
                "f1-score": 0.8834543370271303,
                "support": 1337
            },
            "2": {
                "precision": 0.9367088607594937,
                "recall": 0.9367088607594937,
                "f1-score": 0.9367088607594937,
                "support": 237
            },
            "accuracy": 0.8988055739880557,
            "macro avg": {
                "precision": 0.9096484724019064,
                "recall": 0.9085455683403693,
                "f1-score": 0.9088434129950419,
                "support": 3014
            },
            "weighted avg": {
                "precision": 0.8990705926617667,
                "recall": 0.8988055739880557,
                "f1-score": 0.8985889143766145,
                "support": 3014
            },
            "score": 0.8988055739880557
        },
        "test": {
            "0": {
                "precision": 0.8860827512090274,
                "recall": 0.9161111111111111,
                "f1-score": 0.9008467631794591,
                "support": 1800
            },
            "1": {
                "precision": 0.892459826946848,
                "recall": 0.8636363636363636,
                "f1-score": 0.8778115501519757,
                "support": 1672
            },
            "2": {
                "precision": 0.9444444444444444,
                "recall": 0.9220338983050848,
                "f1-score": 0.9331046312178387,
                "support": 295
            },
            "accuracy": 0.8932837801964428,
            "macro avg": {
                "precision": 0.9076623408667732,
                "recall": 0.9005937910175198,
                "f1-score": 0.9039209815164244,
                "support": 3767
            },
            "weighted avg": {
                "precision": 0.89348364585678,
                "recall": 0.8932837801964428,
                "f1-score": 0.8931486466117315,
                "support": 3767
            },
            "score": 0.8932837801964428
        }
    }
}
