{
    "eval_type": "synthetic",
    "dataset": "data/buddy/",
    "metrics": {
        "train": {
            "0": {
                "precision": 0.9252107925801012,
                "recall": 0.9558778692451761,
                "f1-score": 0.9402943507787228,
                "support": 22959
            },
            "1": {
                "precision": 0.9421965317919075,
                "recall": 0.9119845784945225,
                "f1-score": 0.9268444189602447,
                "support": 21269
            },
            "2": {
                "precision": 0.9734633089629028,
                "recall": 0.9530752916224814,
                "f1-score": 0.9631614199598124,
                "support": 3772
            },
            "accuracy": 0.9362083333333333,
            "macro avg": {
                "precision": 0.9469568777783038,
                "recall": 0.9403125797873934,
                "f1-score": 0.9434333965662599,
                "support": 48000
            },
            "weighted avg": {
                "precision": 0.9365290879778478,
                "recall": 0.9362083333333333,
                "f1-score": 0.9361316004683866,
                "support": 48000
            },
            "score": 0.9362083333333333
        },
        "val": {
            "0": {
                "precision": 0.8914780292942743,
                "recall": 0.9298611111111111,
                "f1-score": 0.9102651257647858,
                "support": 1440
            },
            "1": {
                "precision": 0.910086004691165,
                "recall": 0.8706058339566193,
                "f1-score": 0.8899082568807339,
                "support": 1337
            },
            "2": {
                "precision": 0.9570815450643777,
                "recall": 0.9409282700421941,
                "f1-score": 0.948936170212766,
                "support": 237
            },
            "accuracy": 0.9044459190444591,
            "macro avg": {
                "precision": 0.919548526349939,
                "recall": 0.9137984050366414,
                "f1-score": 0.9163698509527619,
                "support": 3014
            },
            "weighted avg": {
                "precision": 0.9048910672316192,
                "recall": 0.9044459190444591,
                "f1-score": 0.9042757109791834,
                "support": 3014
            },
            "score": 0.9044459190444591
        },
        "test": {
            "0": {
                "precision": 0.8810408921933085,
                "recall": 0.9216666666666666,
                "f1-score": 0.9008960086885691,
                "support": 1800
            },
            "1": {
                "precision": 0.8956901936289818,
                "recall": 0.8576555023923444,
                "f1-score": 0.8762603116406965,
                "support": 1672
            },
            "2": {
                "precision": 0.950530035335689,
                "recall": 0.911864406779661,
                "f1-score": 0.930795847750865,
                "support": 295
            },
            "accuracy": 0.8924873904964162,
            "macro avg": {
                "precision": 0.9090870403859932,
                "recall": 0.8970621919462239,
                "f1-score": 0.9026507226933768,
                "support": 3767
            },
            "weighted avg": {
                "precision": 0.8929848606635628,
                "recall": 0.8924873904964162,
                "f1-score": 0.8923028488954536,
                "support": 3767
            },
            "score": 0.8924873904964162
        }
    }
}
