{
    "eval_type": "synthetic",
    "dataset": "data/buddy/",
    "metrics": {
        "train": {
            "0": {
                "precision": 0.9213502109704641,
                "recall": 0.9510867198048696,
                "f1-score": 0.9359823399558499,
                "support": 22959
            },
            "1": {
                "precision": 0.9366830263861218,
                "recall": 0.9062955475104613,
                "f1-score": 0.9212387688778436,
                "support": 21269
            },
            "2": {
                "precision": 0.9653319000268745,
                "recall": 0.9522799575821845,
                "f1-score": 0.9587615107433606,
                "support": 3772
            },
            "accuracy": 0.9313333333333333,
            "macro avg": {
                "precision": 0.9411217124611534,
                "recall": 0.9365540749658384,
                "f1-score": 0.9386608731923514,
                "support": 48000
            },
            "weighted avg": {
                "precision": 0.9316004730995558,
                "recall": 0.9313333333333333,
                "f1-score": 0.9312394653506911,
                "support": 48000
            },
            "score": 0.9313333333333333
        },
        "val": {
            "0": {
                "precision": 0.8892572944297082,
                "recall": 0.93125,
                "f1-score": 0.9097693351424695,
                "support": 1440
            },
            "1": {
                "precision": 0.9111635220125787,
                "recall": 0.8668661181750187,
                "f1-score": 0.8884630126485245,
                "support": 1337
            },
            "2": {
                "precision": 0.9529914529914529,
                "recall": 0.9409282700421941,
                "f1-score": 0.9469214437367304,
                "support": 237
            },
            "accuracy": 0.9034505640345056,
            "macro avg": {
                "precision": 0.9178040898112467,
                "recall": 0.9130147960724043,
                "f1-score": 0.9150512638425748,
                "support": 3014
            },
            "weighted avg": {
                "precision": 0.9039864324049675,
                "recall": 0.9034505640345056,
                "f1-score": 0.9032393074591367,
                "support": 3014
            },
            "score": 0.9034505640345056
        },
        "test": {
            "0": {
                "precision": 0.8836091831286705,
                "recall": 0.9194444444444444,
                "f1-score": 0.9011707051456573,
                "support": 1800
            },
            "1": {
                "precision": 0.895457373988799,
                "recall": 0.8606459330143541,
                "f1-score": 0.8777066178713023,
                "support": 1672
            },
            "2": {
                "precision": 0.9477351916376306,
                "recall": 0.9220338983050848,
                "f1-score": 0.9347079037800688,
                "support": 295
            },
            "accuracy": 0.8935492434297849,
            "macro avg": {
                "precision": 0.9089339162517001,
                "recall": 0.9007080919212944,
                "f1-score": 0.9045284089323428,
                "support": 3767
            },
            "weighted avg": {
                "precision": 0.8938898700488399,
                "recall": 0.8935492434297849,
                "f1-score": 0.8933824172970856,
                "support": 3767
            },
            "score": 0.8935492434297849
        }
    }
}
