{
    "eval_type": "synthetic",
    "dataset": "data/buddy/",
    "metrics": {
        "train": {
            "0": {
                "precision": 0.9401760278923423,
                "recall": 0.963108149309639,
                "f1-score": 0.9515039373467017,
                "support": 22959
            },
            "1": {
                "precision": 0.9515049361907055,
                "recall": 0.928957637876722,
                "f1-score": 0.9400961126706951,
                "support": 21269
            },
            "2": {
                "precision": 0.9720129171151776,
                "recall": 0.9575821845174973,
                "f1-score": 0.9647435897435898,
                "support": 3772
            },
            "accuracy": 0.9475416666666666,
            "macro avg": {
                "precision": 0.9545646270660751,
                "recall": 0.9498826572346194,
                "f1-score": 0.9521145465869956,
                "support": 48000
            },
            "weighted avg": {
                "precision": 0.947697763241226,
                "recall": 0.9475416666666666,
                "f1-score": 0.9474894987176825,
                "support": 48000
            },
            "score": 0.9475416666666666
        },
        "val": {
            "0": {
                "precision": 0.8938584779706275,
                "recall": 0.9298611111111111,
                "f1-score": 0.911504424778761,
                "support": 1440
            },
            "1": {
                "precision": 0.912667191188041,
                "recall": 0.8676140613313388,
                "f1-score": 0.8895705521472392,
                "support": 1337
            },
            "2": {
                "precision": 0.926530612244898,
                "recall": 0.9578059071729957,
                "f1-score": 0.9419087136929459,
                "support": 237
            },
            "accuracy": 0.9044459190444591,
            "macro avg": {
                "precision": 0.9110187604678556,
                "recall": 0.918427026538482,
                "f1-score": 0.9143278968729821,
                "support": 3014
            },
            "weighted avg": {
                "precision": 0.9047710676835284,
                "recall": 0.9044459190444591,
                "f1-score": 0.9041654164059398,
                "support": 3014
            },
            "score": 0.9044459190444591
        },
        "test": {
            "0": {
                "precision": 0.8824476650563607,
                "recall": 0.9133333333333333,
                "f1-score": 0.8976248976248975,
                "support": 1800
            },
            "1": {
                "precision": 0.8911014312383323,
                "recall": 0.8564593301435407,
                "f1-score": 0.8734370234827691,
                "support": 1672
            },
            "2": {
                "precision": 0.9292929292929293,
                "recall": 0.9355932203389831,
                "f1-score": 0.9324324324324323,
                "support": 295
            },
            "accuracy": 0.8898327581629945,
            "macro avg": {
                "precision": 0.9009473418625408,
                "recall": 0.9017952946052857,
                "f1-score": 0.9011647845133663,
                "support": 3767
            },
            "weighted avg": {
                "precision": 0.8899572084612039,
                "recall": 0.8898327581629945,
                "f1-score": 0.8896148358257427,
                "support": 3767
            },
            "score": 0.8898327581629945
        }
    }
}
