{
    "eval_type": "synthetic",
    "dataset": "data/insurance/",
    "metrics": {
        "train": {
            "rmse": 4054.80790144986,
            "r2": 0.8935763328071508,
            "score": -4054.80790144986
        },
        "val": {
            "rmse": 4855.2554867678355,
            "r2": 0.8245645621751823,
            "score": -4855.2554867678355
        },
        "test": {
            "rmse": 4836.64290486592,
            "r2": 0.8072284586495921,
            "score": -4836.64290486592
        }
    }
}
