{
    "eval_type": "synthetic",
    "dataset": "data/churn2/",
    "metrics": {
        "train": {
            "0": {
                "precision": 0.8785589773387565,
                "recall": 0.9553898647794768,
                "f1-score": 0.9153650563022158,
                "support": 7913
            },
            "1": {
                "precision": 0.7469534050179212,
                "recall": 0.4992812649736464,
                "f1-score": 0.5985066053991959,
                "support": 2087
            },
            "accuracy": 0.8602,
            "macro avg": {
                "precision": 0.8127561911783389,
                "recall": 0.7273355648765616,
                "f1-score": 0.7569358308507058,
                "support": 10000
            },
            "weighted avg": {
                "precision": 0.8510928943953983,
                "recall": 0.8602,
                "f1-score": 0.8492366975987555,
                "support": 10000
            },
            "roc_auc": 0.8762802363581282,
            "score": 0.8602
        },
        "val": {
            "0": {
                "precision": 0.8726483357452967,
                "recall": 0.9466248037676609,
                "f1-score": 0.9081325301204819,
                "support": 1274
            },
            "1": {
                "precision": 0.6880733944954128,
                "recall": 0.4601226993865031,
                "f1-score": 0.551470588235294,
                "support": 326
            },
            "accuracy": 0.8475,
            "macro avg": {
                "precision": 0.7803608651203547,
                "recall": 0.7033737515770819,
                "f1-score": 0.7298015591778879,
                "support": 1600
            },
            "weighted avg": {
                "precision": 0.8350411914656328,
                "recall": 0.8475,
                "f1-score": 0.8354626594613748,
                "support": 1600
            },
            "roc_auc": 0.8421425200566305,
            "score": 0.8475
        },
        "test": {
            "0": {
                "precision": 0.8771112405358182,
                "recall": 0.9453860640301318,
                "f1-score": 0.9099697885196375,
                "support": 1593
            },
            "1": {
                "precision": 0.6925795053003534,
                "recall": 0.48157248157248156,
                "f1-score": 0.5681159420289855,
                "support": 407
            },
            "accuracy": 0.851,
            "macro avg": {
                "precision": 0.7848453729180858,
                "recall": 0.7134792728013066,
                "f1-score": 0.7390428652743115,
                "support": 2000
            },
            "weighted avg": {
                "precision": 0.8395590324154011,
                "recall": 0.851,
                "f1-score": 0.8404025307587898,
                "support": 2000
            },
            "roc_auc": 0.8423199779131982,
            "score": 0.851
        }
    }
}
