{
    "eval_type": "synthetic",
    "dataset": "data/loan/",
    "metrics": {
        "train": {
            "0": {
                "precision": 0.9319800260529744,
                "recall": 0.9584700917677005,
                "f1-score": 0.9450394619525135,
                "support": 44787
            },
            "1": {
                "precision": 0.8388214904679376,
                "recall": 0.7554827128697417,
                "f1-score": 0.7949739251837556,
                "support": 12813
            },
            "accuracy": 0.9133159722222223,
            "macro avg": {
                "precision": 0.885400758260456,
                "recall": 0.8569764023187211,
                "f1-score": 0.8700066935681345,
                "support": 57600
            },
            "weighted avg": {
                "precision": 0.9112571038923655,
                "recall": 0.9133159722222223,
                "f1-score": 0.9116576959348383,
                "support": 57600
            },
            "roc_auc": 0.9636881898303827,
            "score": 0.9133159722222223
        },
        "val": {
            "0": {
                "precision": 0.9320171673819743,
                "recall": 0.9685994647636039,
                "f1-score": 0.9499562554680665,
                "support": 5605
            },
            "1": {
                "precision": 0.872,
                "recall": 0.7517241379310344,
                "f1-score": 0.8074074074074075,
                "support": 1595
            },
            "accuracy": 0.9205555555555556,
            "macro avg": {
                "precision": 0.9020085836909871,
                "recall": 0.8601618013473191,
                "f1-score": 0.8786818314377369,
                "support": 7200
            },
            "weighted avg": {
                "precision": 0.9187216976633286,
                "recall": 0.9205555555555556,
                "f1-score": 0.9183777259324065,
                "support": 7200
            },
            "roc_auc": 0.9694484604263435,
            "score": 0.9205555555555556
        },
        "test": {
            "0": {
                "precision": 0.9319690265486725,
                "recall": 0.9642346208869814,
                "f1-score": 0.9478273098017157,
                "support": 6990
            },
            "1": {
                "precision": 0.8585972850678733,
                "recall": 0.755223880597015,
                "f1-score": 0.8035997882477501,
                "support": 2010
            },
            "accuracy": 0.9175555555555556,
            "macro avg": {
                "precision": 0.8952831558082729,
                "recall": 0.8597292507419982,
                "f1-score": 0.875713549024733,
                "support": 9000
            },
            "weighted avg": {
                "precision": 0.9155826709512941,
                "recall": 0.9175555555555556,
                "f1-score": 0.9156164966546634,
                "support": 9000
            },
            "roc_auc": 0.9670656730652887,
            "score": 0.9175555555555556
        }
    }
}
