{
    "dcr": 0.883428067649536,
    "steps_per_round": 0.05508960205061794,
    "pretrain_steps": 0.01795461054071651,
    "privacy_discount": 0.017122727433635607,
    "nndr": 0.016127115538078947,
    "gower": 0.01027787678741495
}
