{
    "dcr": 0.8786437724363919,
    "privacy_discount": 0.032196187958503715,
    "steps_per_round": 0.027260681787182554,
    "pretrain_steps": 0.021869718691649026,
    "gower": 0.020717849467396042,
    "nndr": 0.019311789658876755
}
