{
    "privacy_discount": 0.9965627049969786,
    "pretrain_steps": 0.0014262743553736042,
    "dcr": 0.0011118711560096485,
    "steps_per_round": 0.0004758716799898255,
    "nndr": 0.00026998225063092074,
    "gower": 0.00015329556101738472
}
