{
    "eval_type": "synthetic",
    "dataset": "data/gesture/",
    "metrics": {
        "train": {
            "0": {
                "precision": 0.36545893719806766,
                "recall": 0.41789808037563875,
                "f1-score": 0.38992332968236587,
                "support": 14482
            },
            "1": {
                "precision": 1.0,
                "recall": 0.0003829216925138809,
                "f1-score": 0.0007655502392344497,
                "support": 5223
            },
            "2": {
                "precision": 0.39356814701378257,
                "recall": 0.023302203282255872,
                "f1-score": 0.043999315185755866,
                "support": 11029
            },
            "3": {
                "precision": 0.0,
                "recall": 0.0,
                "f1-score": 0.0,
                "support": 5705
            },
            "4": {
                "precision": 0.32732499640649704,
                "recall": 0.7317010474905212,
                "f1-score": 0.4523100146982878,
                "support": 15561
            },
            "accuracy": 0.3403269230769231,
            "macro avg": {
                "precision": 0.41727041612366944,
                "recall": 0.23465685056818594,
                "f1-score": 0.1773996419611288,
                "support": 52000
            },
            "weighted avg": {
                "precision": 0.38364891713459476,
                "recall": 0.3403269230769231,
                "f1-score": 0.2533563983704481,
                "support": 52000
            },
            "score": 0.3403269230769231
        },
        "val": {
            "0": {
                "precision": 0.31985940246045697,
                "recall": 0.8291571753986332,
                "f1-score": 0.46163601775523144,
                "support": 439
            },
            "1": {
                "precision": 0.0,
                "recall": 0.0,
                "f1-score": 0.0,
                "support": 160
            },
            "2": {
                "precision": 0.0,
                "recall": 0.0,
                "f1-score": 0.0,
                "support": 335
            },
            "3": {
                "precision": 0.0,
                "recall": 0.0,
                "f1-score": 0.0,
                "support": 174
            },
            "4": {
                "precision": 0.3425287356321839,
                "recall": 0.3156779661016949,
                "f1-score": 0.3285556780595369,
                "support": 472
            },
            "accuracy": 0.3246835443037975,
            "macro avg": {
                "precision": 0.13247762761852816,
                "recall": 0.22896702830006563,
                "f1-score": 0.15803833916295368,
                "support": 1580
            },
            "weighted avg": {
                "precision": 0.19119736765729836,
                "recall": 0.3246835443037975,
                "f1-score": 0.22641550116370127,
                "support": 1580
            },
            "score": 0.3246835443037975
        },
        "test": {
            "0": {
                "precision": 0.3251798561151079,
                "recall": 0.8248175182481752,
                "f1-score": 0.46646026831785353,
                "support": 548
            },
            "1": {
                "precision": 0.16666666666666666,
                "recall": 0.01,
                "f1-score": 0.018867924528301886,
                "support": 200
            },
            "2": {
                "precision": 0.0,
                "recall": 0.0,
                "f1-score": 0.0,
                "support": 420
            },
            "3": {
                "precision": 0.0,
                "recall": 0.0,
                "f1-score": 0.0,
                "support": 217
            },
            "4": {
                "precision": 0.38219895287958117,
                "recall": 0.3711864406779661,
                "f1-score": 0.37661220980223564,
                "support": 590
            },
            "accuracy": 0.3407594936708861,
            "macro avg": {
                "precision": 0.17480909513227114,
                "recall": 0.24120079178522827,
                "f1-score": 0.1723880805296782,
                "support": 1975
            },
            "weighted avg": {
                "precision": 0.22128064642195716,
                "recall": 0.3407594936708861,
                "f1-score": 0.24384557758337375,
                "support": 1975
            },
            "score": 0.3407594936708861
        }
    }
}
