{
    "eval_type": "synthetic",
    "dataset": "data/abalone/",
    "metrics": {
        "train": {
            "rmse": 2.0690535038391653,
            "r2": 0.9606437128066869,
            "score": -2.0690535038391653
        },
        "val": {
            "rmse": 2.6786879528768868,
            "r2": 0.26482725752044234,
            "score": -2.6786879528768868
        },
        "test": {
            "rmse": 2.6014657601038653,
            "r2": 0.256220654681658,
            "score": -2.6014657601038653
        }
    }
}
