{
    "eval_type": "synthetic",
    "dataset": "data/churn2/",
    "metrics": {
        "train": {
            "0": {
                "precision": 0.8832420591456736,
                "recall": 0.9763657497094149,
                "f1-score": 0.9274722241391208,
                "support": 20648
            },
            "1": {
                "precision": 0.8462992125984252,
                "recall": 0.5020553064275037,
                "f1-score": 0.6302333763339979,
                "support": 5352
            },
            "accuracy": 0.8787307692307692,
            "macro avg": {
                "precision": 0.8647706358720494,
                "recall": 0.7392105280684593,
                "f1-score": 0.7788528002365593,
                "support": 26000
            },
            "weighted avg": {
                "precision": 0.875637516271794,
                "recall": 0.8787307692307692,
                "f1-score": 0.866286750544774,
                "support": 26000
            },
            "roc_auc": 0.8978333406450147,
            "score": 0.8787307692307692
        },
        "val": {
            "0": {
                "precision": 0.8702664796633941,
                "recall": 0.9740973312401884,
                "f1-score": 0.9192592592592592,
                "support": 1274
            },
            "1": {
                "precision": 0.8103448275862069,
                "recall": 0.4325153374233129,
                "f1-score": 0.5640000000000001,
                "support": 326
            },
            "accuracy": 0.86375,
            "macro avg": {
                "precision": 0.8403056536248005,
                "recall": 0.7033063343317506,
                "f1-score": 0.7416296296296296,
                "support": 1600
            },
            "weighted avg": {
                "precision": 0.8580574430526673,
                "recall": 0.86375,
                "f1-score": 0.8468751851851851,
                "support": 1600
            },
            "roc_auc": 0.8577423890745539,
            "score": 0.86375
        },
        "test": {
            "0": {
                "precision": 0.8622420524261015,
                "recall": 0.970495919648462,
                "f1-score": 0.9131718842291789,
                "support": 1593
            },
            "1": {
                "precision": 0.7729468599033816,
                "recall": 0.3931203931203931,
                "f1-score": 0.521172638436482,
                "support": 407
            },
            "accuracy": 0.853,
            "macro avg": {
                "precision": 0.8175944561647416,
                "recall": 0.6818081563844276,
                "f1-score": 0.7171722613328304,
                "support": 2000
            },
            "weighted avg": {
                "precision": 0.8440704807477281,
                "recall": 0.853,
                "f1-score": 0.8334000377103651,
                "support": 2000
            },
            "roc_auc": 0.8405015184676202,
            "score": 0.853
        }
    }
}
