{
    "eval_type": "synthetic",
    "dataset": "data/churn2/",
    "metrics": {
        "train": {
            "0": {
                "precision": 0.9270646628981112,
                "recall": 0.9769469197985277,
                "f1-score": 0.9513523710708138,
                "support": 20648
            },
            "1": {
                "precision": 0.8877623202074982,
                "recall": 0.70347533632287,
                "f1-score": 0.7849473574481393,
                "support": 5352
            },
            "accuracy": 0.9206538461538462,
            "macro avg": {
                "precision": 0.9074134915528047,
                "recall": 0.8402111280606988,
                "f1-score": 0.8681498642594765,
                "support": 26000
            },
            "weighted avg": {
                "precision": 0.918974426818105,
                "recall": 0.9206538461538462,
                "f1-score": 0.9170985390358695,
                "support": 26000
            },
            "roc_auc": 0.9555663776887441,
            "score": 0.9206538461538462
        },
        "val": {
            "0": {
                "precision": 0.8781362007168458,
                "recall": 0.9615384615384616,
                "f1-score": 0.9179467965530161,
                "support": 1274
            },
            "1": {
                "precision": 0.7609756097560976,
                "recall": 0.4785276073619632,
                "f1-score": 0.5875706214689266,
                "support": 326
            },
            "accuracy": 0.863125,
            "macro avg": {
                "precision": 0.8195559052364717,
                "recall": 0.7200330344502124,
                "f1-score": 0.7527587090109713,
                "support": 1600
            },
            "weighted avg": {
                "precision": 0.8542647303085933,
                "recall": 0.863125,
                "f1-score": 0.8506326508796329,
                "support": 1600
            },
            "roc_auc": 0.8494909997977482,
            "score": 0.863125
        },
        "test": {
            "0": {
                "precision": 0.8704545454545455,
                "recall": 0.9617074701820465,
                "f1-score": 0.913808529674918,
                "support": 1593
            },
            "1": {
                "precision": 0.7458333333333333,
                "recall": 0.4398034398034398,
                "f1-score": 0.553323029366306,
                "support": 407
            },
            "accuracy": 0.8555,
            "macro avg": {
                "precision": 0.8081439393939394,
                "recall": 0.7007554549927432,
                "f1-score": 0.733565779520612,
                "support": 2000
            },
            "weighted avg": {
                "precision": 0.8450941287878788,
                "recall": 0.8555,
                "f1-score": 0.8404497303621155,
                "support": 2000
            },
            "roc_auc": 0.8368059893483623,
            "score": 0.8555
        }
    }
}
