{
    "eval_type": "synthetic",
    "dataset": "data/gesture/",
    "metrics": {
        "train": {
            "0": {
                "precision": 0.9980676328502416,
                "recall": 0.999723489561731,
                "f1-score": 0.9988948749827326,
                "support": 14466
            },
            "1": {
                "precision": 0.999424405218726,
                "recall": 0.9982752012265236,
                "f1-score": 0.998849472674976,
                "support": 5218
            },
            "2": {
                "precision": 0.9995460323224986,
                "recall": 0.9980056205239779,
                "f1-score": 0.9987752324790202,
                "support": 11031
            },
            "3": {
                "precision": 0.9996507160321342,
                "recall": 1.0,
                "f1-score": 0.999825327510917,
                "support": 5724
            },
            "4": {
                "precision": 0.9995500707031753,
                "recall": 0.9993573677784204,
                "f1-score": 0.9994537099521194,
                "support": 15561
            },
            "accuracy": 0.9991346153846153,
            "macro avg": {
                "precision": 0.9992477714253551,
                "recall": 0.9990723358181306,
                "f1-score": 0.9991597235199532,
                "support": 52000
            },
            "weighted avg": {
                "precision": 0.9991352798956238,
                "recall": 0.9991346153846153,
                "f1-score": 0.9991345914352255,
                "support": 52000
            },
            "score": 0.9991346153846153
        },
        "val": {
            "0": {
                "precision": 0.7436974789915967,
                "recall": 0.806378132118451,
                "f1-score": 0.7737704918032788,
                "support": 439
            },
            "1": {
                "precision": 0.672566371681416,
                "recall": 0.475,
                "f1-score": 0.5567765567765568,
                "support": 160
            },
            "2": {
                "precision": 0.6143790849673203,
                "recall": 0.5611940298507463,
                "f1-score": 0.5865834633385335,
                "support": 335
            },
            "3": {
                "precision": 0.5467625899280576,
                "recall": 0.4367816091954023,
                "f1-score": 0.48562300319488816,
                "support": 174
            },
            "4": {
                "precision": 0.6593406593406593,
                "recall": 0.7627118644067796,
                "f1-score": 0.7072691552062867,
                "support": 472
            },
            "accuracy": 0.6670886075949367,
            "macro avg": {
                "precision": 0.64734923698181,
                "recall": 0.6084131271142759,
                "f1-score": 0.6220045340639089,
                "support": 1580
            },
            "weighted avg": {
                "precision": 0.6621875240928247,
                "recall": 0.6670886075949367,
                "f1-score": 0.6605091133022627,
                "support": 1580
            },
            "score": 0.6670886075949367
        },
        "test": {
            "0": {
                "precision": 0.7624113475177305,
                "recall": 0.7846715328467153,
                "f1-score": 0.7733812949640287,
                "support": 548
            },
            "1": {
                "precision": 0.6344827586206897,
                "recall": 0.46,
                "f1-score": 0.5333333333333333,
                "support": 200
            },
            "2": {
                "precision": 0.5668316831683168,
                "recall": 0.5452380952380952,
                "f1-score": 0.5558252427184466,
                "support": 420
            },
            "3": {
                "precision": 0.5414012738853503,
                "recall": 0.391705069124424,
                "f1-score": 0.45454545454545453,
                "support": 217
            },
            "4": {
                "precision": 0.6226950354609929,
                "recall": 0.7440677966101695,
                "f1-score": 0.677992277992278,
                "support": 590
            },
            "accuracy": 0.6455696202531646,
            "macro avg": {
                "precision": 0.625564419730616,
                "recall": 0.5851364987638809,
                "f1-score": 0.5990155207107083,
                "support": 1975
            },
            "weighted avg": {
                "precision": 0.6418437592150147,
                "recall": 0.6455696202531646,
                "f1-score": 0.639280013114182,
                "support": 1975
            },
            "score": 0.6455696202531646
        }
    }
}
