{
    "eval_type": "synthetic",
    "dataset": "data/churn2/",
    "metrics": {
        "train": {
            "0": {
                "precision": 0.9084212440887596,
                "recall": 0.967551336691205,
                "f1-score": 0.9370544090056285,
                "support": 20648
            },
            "1": {
                "precision": 0.8328343313373253,
                "recall": 0.6236920777279522,
                "f1-score": 0.7132478632478633,
                "support": 5352
            },
            "accuracy": 0.8967692307692308,
            "macro avg": {
                "precision": 0.8706277877130424,
                "recall": 0.7956217072095786,
                "f1-score": 0.8251511361267458,
                "support": 26000
            },
            "weighted avg": {
                "precision": 0.892861968817772,
                "recall": 0.8967692307692308,
                "f1-score": 0.8909846923557992,
                "support": 26000
            },
            "roc_auc": 0.925809001360407,
            "score": 0.8967692307692308
        },
        "val": {
            "0": {
                "precision": 0.8707197763801537,
                "recall": 0.978021978021978,
                "f1-score": 0.921256931608133,
                "support": 1274
            },
            "1": {
                "precision": 0.834319526627219,
                "recall": 0.4325153374233129,
                "f1-score": 0.5696969696969697,
                "support": 326
            },
            "accuracy": 0.866875,
            "macro avg": {
                "precision": 0.8525196515036864,
                "recall": 0.7052686577226455,
                "f1-score": 0.7454769506525514,
                "support": 1600
            },
            "weighted avg": {
                "precision": 0.8633032254929934,
                "recall": 0.866875,
                "f1-score": 0.8496265893687336,
                "support": 1600
            },
            "roc_auc": 0.8595482081459295,
            "score": 0.866875
        },
        "test": {
            "0": {
                "precision": 0.8624514697726012,
                "recall": 0.9761456371625863,
                "f1-score": 0.9157832744405183,
                "support": 1593
            },
            "1": {
                "precision": 0.8071065989847716,
                "recall": 0.3906633906633907,
                "f1-score": 0.5264900662251656,
                "support": 407
            },
            "accuracy": 0.857,
            "macro avg": {
                "precision": 0.8347790343786864,
                "recall": 0.6834045139129885,
                "f1-score": 0.7211366703328419,
                "support": 2000
            },
            "weighted avg": {
                "precision": 0.851188788567278,
                "recall": 0.857,
                "f1-score": 0.836562106568694,
                "support": 2000
            },
            "roc_auc": 0.8533957686500058,
            "score": 0.857
        }
    }
}
