{
    "eval_type": "synthetic",
    "dataset": "data/churn2/",
    "metrics": {
        "train": {
            "0": {
                "precision": 0.8910204811734191,
                "recall": 0.964984502130957,
                "f1-score": 0.9265287142524994,
                "support": 20648
            },
            "1": {
                "precision": 0.8012644310060473,
                "recall": 0.5446562032884903,
                "f1-score": 0.6484983314794216,
                "support": 5352
            },
            "accuracy": 0.8784615384615385,
            "macro avg": {
                "precision": 0.8461424560897333,
                "recall": 0.7548203527097237,
                "f1-score": 0.7875135228659604,
                "support": 26000
            },
            "weighted avg": {
                "precision": 0.8725445434620431,
                "recall": 0.8784615384615385,
                "f1-score": 0.8692972293062874,
                "support": 26000
            },
            "roc_auc": 0.8994412047421394,
            "score": 0.8784615384615385
        },
        "val": {
            "0": {
                "precision": 0.8856729377713459,
                "recall": 0.9607535321821036,
                "f1-score": 0.9216867469879517,
                "support": 1274
            },
            "1": {
                "precision": 0.7706422018348624,
                "recall": 0.5153374233128835,
                "f1-score": 0.6176470588235294,
                "support": 326
            },
            "accuracy": 0.87,
            "macro avg": {
                "precision": 0.8281575698031042,
                "recall": 0.7380454777474935,
                "f1-score": 0.7696669029057406,
                "support": 1600
            },
            "weighted avg": {
                "precision": 0.8622354253242875,
                "recall": 0.87,
                "f1-score": 0.8597386605244506,
                "support": 1600
            },
            "roc_auc": 0.8680813051978696,
            "score": 0.87
        },
        "test": {
            "0": {
                "precision": 0.8769407705577918,
                "recall": 0.9573132454488387,
                "f1-score": 0.9153661464585834,
                "support": 1593
            },
            "1": {
                "precision": 0.7394636015325671,
                "recall": 0.4742014742014742,
                "f1-score": 0.5778443113772456,
                "support": 407
            },
            "accuracy": 0.859,
            "macro avg": {
                "precision": 0.8082021860451795,
                "recall": 0.7157573598251564,
                "f1-score": 0.7466052289179145,
                "support": 2000
            },
            "weighted avg": {
                "precision": 0.8489641666611586,
                "recall": 0.859,
                "f1-score": 0.8466804530195311,
                "support": 2000
            },
            "roc_auc": 0.855666914988949,
            "score": 0.859
        }
    }
}
