{
    "eval_type": "synthetic",
    "dataset": "data/churn2/",
    "metrics": {
        "train": {
            "0": {
                "precision": 0.8843132062146892,
                "recall": 0.9703118946144905,
                "f1-score": 0.9253186772584518,
                "support": 20648
            },
            "1": {
                "precision": 0.8166866028708134,
                "recall": 0.5102765321375187,
                "f1-score": 0.6281048758049678,
                "support": 5352
            },
            "accuracy": 0.8756153846153846,
            "macro avg": {
                "precision": 0.8504999045427513,
                "recall": 0.7402942133760047,
                "f1-score": 0.7767117765317098,
                "support": 26000
            },
            "weighted avg": {
                "precision": 0.870392530018673,
                "recall": 0.8756153846153846,
                "f1-score": 0.8641383593592578,
                "support": 26000
            },
            "roc_auc": 0.8919795613888778,
            "score": 0.8756153846153846
        },
        "val": {
            "0": {
                "precision": 0.8810541310541311,
                "recall": 0.9709576138147566,
                "f1-score": 0.9238237490664676,
                "support": 1274
            },
            "1": {
                "precision": 0.8112244897959183,
                "recall": 0.48773006134969327,
                "f1-score": 0.6091954022988506,
                "support": 326
            },
            "accuracy": 0.8725,
            "macro avg": {
                "precision": 0.8461393104250248,
                "recall": 0.729343837582225,
                "f1-score": 0.7665095756826591,
                "support": 1600
            },
            "weighted avg": {
                "precision": 0.8668263416477703,
                "recall": 0.8725,
                "f1-score": 0.8597182234125657,
                "support": 1600
            },
            "roc_auc": 0.8645804239581627,
            "score": 0.8725
        },
        "test": {
            "0": {
                "precision": 0.8639685216413716,
                "recall": 0.9648462021343377,
                "f1-score": 0.9116251482799526,
                "support": 1593
            },
            "1": {
                "precision": 0.746606334841629,
                "recall": 0.40540540540540543,
                "f1-score": 0.5254777070063694,
                "support": 407
            },
            "accuracy": 0.851,
            "macro avg": {
                "precision": 0.8052874282415003,
                "recall": 0.6851258037698715,
                "f1-score": 0.718551427643161,
                "support": 2000
            },
            "weighted avg": {
                "precision": 0.840085316627624,
                "recall": 0.851,
                "f1-score": 0.8330441439807783,
                "support": 2000
            },
            "roc_auc": 0.844660531101209,
            "score": 0.851
        }
    }
}
