{
    "eval_type": "synthetic",
    "dataset": "data/loan/",
    "metrics": {
        "train": {
            "0": {
                "precision": 0.9350914098588189,
                "recall": 0.9627347221291893,
                "f1-score": 0.9487117428326256,
                "support": 44787
            },
            "1": {
                "precision": 0.8547306118896336,
                "recall": 0.7664091157418247,
                "f1-score": 0.8081639371245164,
                "support": 12813
            },
            "accuracy": 0.9190625,
            "macro avg": {
                "precision": 0.8949110108742262,
                "recall": 0.864571918935507,
                "f1-score": 0.8784378399785711,
                "support": 57600
            },
            "weighted avg": {
                "precision": 0.9172153177689027,
                "recall": 0.9190625,
                "f1-score": 0.9174471762607852,
                "support": 57600
            },
            "roc_auc": 0.970011205654195,
            "score": 0.9190625
        },
        "val": {
            "0": {
                "precision": 0.9364832121841468,
                "recall": 0.9653880463871544,
                "f1-score": 0.9507159799701309,
                "support": 5605
            },
            "1": {
                "precision": 0.8635724331926864,
                "recall": 0.7699059561128526,
                "f1-score": 0.8140536957242294,
                "support": 1595
            },
            "accuracy": 0.9220833333333334,
            "macro avg": {
                "precision": 0.9000278226884166,
                "recall": 0.8676470012500035,
                "f1-score": 0.8823848378471801,
                "support": 7200
            },
            "weighted avg": {
                "precision": 0.9203314493381219,
                "recall": 0.9220833333333334,
                "f1-score": 0.9204414878351013,
                "support": 7200
            },
            "roc_auc": 0.9693494668609253,
            "score": 0.9220833333333334
        },
        "test": {
            "0": {
                "precision": 0.9371771604076504,
                "recall": 0.9603719599427754,
                "f1-score": 0.9486327986999222,
                "support": 6990
            },
            "1": {
                "precision": 0.8492106695699511,
                "recall": 0.7761194029850746,
                "f1-score": 0.8110215752534442,
                "support": 2010
            },
            "accuracy": 0.9192222222222223,
            "macro avg": {
                "precision": 0.8931939149888007,
                "recall": 0.868245681463925,
                "f1-score": 0.8798271869766832,
                "support": 9000
            },
            "weighted avg": {
                "precision": 0.9175313107872308,
                "recall": 0.9192222222222223,
                "f1-score": 0.9178996254635422,
                "support": 9000
            },
            "roc_auc": 0.9671653890775023,
            "score": 0.9192222222222223
        }
    }
}
