{
    "nndr": 0.21212121212121213,
    "d_last": 0.18181818181818182,
    "dcr": 0.15151515151515152,
    "pretrain_steps": 0.12121212121212122,
    "privacy_discount": 0.09090909090909091,
    "gower": 0.09090909090909091,
    "d_first": 0.06060606060606061,
    "steps_per_round": 0.030303030303030304,
    "n_layers": 0.030303030303030304,
    "d_middle": 0.030303030303030304
}
