{
    "dcr": 0.6525497597390927,
    "privacy_discount": 0.126363371677223,
    "nndr": 0.06678927143668395,
    "steps_per_round": 0.06619141567175515,
    "pretrain_steps": 0.059030869345397814,
    "gower": 0.029075312129847278
}
