{
    "eval_type": "synthetic",
    "dataset": "data/california/",
    "metrics": {
        "train": {
            "rmse": 0.42711983126209974,
            "r2": 0.9081246017323729,
            "score": -0.42711983126209974
        },
        "val": {
            "rmse": 0.509976942970609,
            "r2": 0.8005348924456276,
            "score": -0.509976942970609
        },
        "test": {
            "rmse": 0.5039803365821816,
            "r2": 0.8052109061386872,
            "score": -0.5039803365821816
        }
    }
}
