{
    "eval_type": "synthetic",
    "dataset": "data/california/",
    "metrics": {
        "train": {
            "rmse": 0.4063715707976209,
            "r2": 0.8763138369910711,
            "score": -0.4063715707976209
        },
        "val": {
            "rmse": 0.4969737629468818,
            "r2": 0.8105769896663964,
            "score": -0.4969737629468818
        },
        "test": {
            "rmse": 0.5082503320115196,
            "r2": 0.8018962160287109,
            "score": -0.5082503320115196
        }
    }
}
