{
    "eval_type": "synthetic",
    "dataset": "data/churn2/",
    "metrics": {
        "train": {
            "0": {
                "precision": 0.8819470720470075,
                "recall": 0.9570562519624182,
                "f1-score": 0.9179678450632442,
                "support": 41403
            },
            "1": {
                "precision": 0.7485504171970019,
                "recall": 0.4994809851844862,
                "f1-score": 0.5991623273715192,
                "support": 10597
            },
            "accuracy": 0.8638076923076923,
            "macro avg": {
                "precision": 0.8152487446220047,
                "recall": 0.7282686185734522,
                "f1-score": 0.7585650862173817,
                "support": 52000
            },
            "weighted avg": {
                "precision": 0.8547623729807478,
                "recall": 0.8638076923076923,
                "f1-score": 0.8529989590828749,
                "support": 52000
            },
            "roc_auc": 0.8804205035509812,
            "score": 0.8638076923076923
        },
        "val": {
            "0": {
                "precision": 0.883601756954612,
                "recall": 0.9474097331240189,
                "f1-score": 0.9143939393939395,
                "support": 1274
            },
            "1": {
                "precision": 0.7136752136752137,
                "recall": 0.5122699386503068,
                "f1-score": 0.5964285714285715,
                "support": 326
            },
            "accuracy": 0.85875,
            "macro avg": {
                "precision": 0.7986384853149129,
                "recall": 0.7298398358871628,
                "f1-score": 0.7554112554112555,
                "support": 1600
            },
            "weighted avg": {
                "precision": 0.8489792237614345,
                "recall": 0.85875,
                "f1-score": 0.8496084956709958,
                "support": 1600
            },
            "roc_auc": 0.8558932303454652,
            "score": 0.85875
        },
        "test": {
            "0": {
                "precision": 0.8824221046443269,
                "recall": 0.9422473320778405,
                "f1-score": 0.9113539769277473,
                "support": 1593
            },
            "1": {
                "precision": 0.6923076923076923,
                "recall": 0.5085995085995086,
                "f1-score": 0.5864022662889518,
                "support": 407
            },
            "accuracy": 0.854,
            "macro avg": {
                "precision": 0.7873648984760095,
                "recall": 0.7254234203386746,
                "f1-score": 0.7488781216083495,
                "support": 2000
            },
            "weighted avg": {
                "precision": 0.8437338217338217,
                "recall": 0.854,
                "f1-score": 0.8452263038127523,
                "support": 2000
            },
            "roc_auc": 0.852006089294225,
            "score": 0.854
        }
    }
}
