{
    "pretrain_steps": 0.48959465746977915,
    "dcr": 0.2024760616568616,
    "gower": 0.11497524152885961,
    "privacy_discount": 0.10915241210428878,
    "nndr": 0.06343509143383898,
    "steps_per_round": 0.020366535806371926
}
